"fold","volume"
"Chia - Bee Audio 2022 Original/7-13-22_SouthCharleston/1",1111
"Chia - Bee Audio 2022 Original/7-13-22_SouthCharleston/2",356
"Chia - Bee Audio 2022 Original/7-13-22_SouthCharleston/3",428
"Chia - Bee Audio 2022 Original/7-13-22_SouthCharleston/4",1059
"Chia - Bee Audio 2022 Original/7-13-22_SouthCharleston/5",312
"Chia - Bee Audio 2022 Original/7-13-22_SouthCharleston/6",629
"Chia - Bee Audio 2022 Original/7-13-22_SouthCharleston/7",781
"Chia - Bee Audio 2022 Original/7-13-22_SouthCharleston/8",270
"Chia - OSPT/2022/2022-07-26/10",251
"Chia - OSPT/2022/2022-07-26/14",245
"Chia - OSPT/2022/2022-07-26/15",235
"Chia - OSPT/2022/2022-07-26/17",196
"Chia - OSPT/2022/2022-07-26/18",280
"Chia - OSPT/2022/2022-07-26/23",278
"Chia - OSPT/2022/2022-07-26/25",409
"Chia - OSPT/2022/2022-07-26/29",449
"Chia - OSPT/2022/2022-08-02/11",518
"Chia - OSPT/2022/2022-08-02/13",428
"Chia - OSPT/2022/2022-08-02/20",90
"Chia - OSPT/2022/2022-08-02/22",377
"Chia - OSPT/2022/2022-08-02/23",46
"Chia - OSPT/2022/2022-08-02/29",170
"Chia - OSPT/2022/2022-08-02/32",253
"Chia_Lin - Soybean on-farm spray audios/2023-07-25 Combs Sabine-Bigelow/14",1982
"Chia_Lin - Soybean on-farm spray audios/2023-07-25 Combs Sabine-Bigelow/23",1524
"Chia_Lin - Soybean on-farm spray audios/2023-07-30 FSR/29",1158
"Chia_Lin - Soybean on-farm spray audios/2023-07-30 FSR/3",802
"JamesU - MustardBumbler/1_29",12103
"Karlan Forrester - Soybean Attractiveness/A11/4",1982
"Karlan Forrester - Soybean Attractiveness/C9-16/4",3751
"Karlan Forrester - Soybean Attractiveness/EBN/4",3018
"Karlan Forrester - Soybean Attractiveness/L6-8/4",1096
"Lily - Fit+Fast/2023_R3_Marysville/53",8540
"Lily Adam - One Hive/recorders/willard/2024-08-07/1_11",8451
"Lily Adam - One Hive/recorders/wooster/2024-07-26/1_143",4616
"Luke - Diel Drivers/2026-04-08/1_150",4911
"Luke - Diel Drivers/2026-05-06/1_95",7786
"Luke - Various Opportunistic Recordings/2025-06-23/1_23",1157
"Luke - Various Opportunistic Recordings/2025-07-03/1_37",4552
"Luke - Various Opportunistic Recordings/2025-08-05/31",1574
"Luke - Various Opportunistic Recordings/2025-08-12/1_114",8021
"Luke - Various Opportunistic Recordings/2025-08-27/48",1965
"Luke - Various Opportunistic Recordings/2026-07-27/1_25",507
"Luke - Various Opportunistic Recordings/2026-07-27/1_99",1863
