activation_ins_buzz,correct
-1.7688649,False
-2.4207478,False
-2.5616646,False
-2.9208386,False
-2.8997755,False
-2.9698381,False
-2.501356,False
-2.3886175,False
-3.146355,False
-3.0864441,True
-2.7749736,True
-2.2846448,True
-2.9840002,True
-2.6373508,True
-2.1544976,True
-1.8441267,True
-2.6882555,True
-2.892002,True
-3.5614297,True
-2.6560042,True
-1.7921724,True
-2.0330305,True
-2.4900203,True
-2.7991927,True
-2.2024555,True
-2.6841292,True
-2.9932897,True
-1.5530508,True
-1.1440893,True
-2.7072532,True
-2.836116,True
-2.8107116,True
-2.6544101,True
-2.89296,True
-3.2159622,False
-3.6661587,False
-2.8498652,False
-2.0379992,False
-2.5070555,False
-2.5736887,False
-2.7852733,False
-1.3689976,False
-1.7904232,False
-2.9391816,True
-3.0191665,False
-2.4703321,False
-2.578661,False
-3.4686325,False
-3.0965385,False
-3.2053797,False
-1.9241353,True
-2.539744,False
-2.5677776,False
-2.7039454,False
-2.2236009,False
-2.356334,False
-3.3378074,False
-2.0855732,False
-2.4069564,True
-2.9984324,True
-2.9711418,True
-2.8864725,False
-2.8917432,True
-2.555359,True
-3.1198592,True
-1.8219892,True
-0.57267165,True
-0.88737804,True
-1.771722,True
-3.218165,True
-3.707315,False
-3.2907717,False
-3.2857635,False
-2.9597583,False
-2.8708305,False
-2.319694,False
-2.3318317,False
-2.9681408,False
-3.0925539,False
-3.0138047,False
-3.0139687,False
-3.0312252,False
-3.2387433,False
-2.734784,False
-2.6022654,False
-2.9844835,False
-2.8973124,False
-3.0226243,False
-2.8842227,False
-4.449747,False
-4.383431,False
-3.5155714,False
-3.423877,False
-3.1535268,False
-3.7430122,False
-3.7491667,False
-3.252118,False
-3.13045,False
-3.4389732,False
-3.365334,False
-3.5211892,False
-3.4886978,False
-2.6538317,False
-3.448086,False
-3.7333615,False
-3.552855,False
-3.1253996,False
-3.1111486,False
-3.114762,False
-2.8741302,False
-3.1543167,False
-3.3015804,False
-2.9359493,False
-3.6570714,False
-3.3856084,False
-3.5305245,False
-3.924965,False
-3.0314817,False
-3.3127024,False
-3.6812758,False
-3.6920412,False
-3.7732348,False
-3.2559226,False
-3.029394,False
-3.502777,False
-3.6885402,False
-3.9140356,False
-3.7947354,False
-3.3899047,False
-3.4533737,False
-3.5634468,False
-2.974428,False
-3.4228942,False
-3.836265,False
-3.8223455,False
-4.041721,False
-3.892113,False
-3.7057555,False
-3.571766,False
-3.8250623,False
-3.6226678,False
-3.6195445,False
-3.3231125,False
-3.375693,False
-3.2074215,False
-3.5132053,False
-3.170541,False
-3.3180268,False
-3.2887204,False
-3.299706,False
-3.1540651,False
-3.1052558,False
-3.2763727,False
-3.856036,False
-3.991762,False
-3.8102806,False
-3.445236,False
-3.0773737,False
-3.1841493,False
-3.4459467,False
-3.5304317,False
-3.4266367,False
-3.2566156,False
-2.9252925,False
-3.396044,False
-3.765301,False
-3.6341426,False
-3.2128282,False
-3.360727,False
-3.5968037,False
-3.5660293,False
-3.5959318,False
-3.5355692,False
-4.0856977,False
-4.042929,False
-4.246991,False
-4.121245,False
-4.059268,False
-4.0213,False
-3.270272,False
-3.3800027,False
-3.4365919,False
-3.2856305,False
-3.3190687,False
-3.4300902,False
-3.5240812,False
-3.7931926,False
-3.6589162,False
-3.6227376,False
-2.9908211,False
-2.8059824,False
-2.9213145,False
-3.2682264,False
-4.2638054,False
-3.7121155,False
-3.5281177,False
-3.2205188,False
-3.362186,False
-2.763982,False
-2.9930155,False
-2.802051,False
-2.5500524,False
-3.0834742,False
-3.4329913,False
-2.7422092,False
-2.7686868,False
-2.8517008,False
-2.493535,False
-3.2670903,False
-2.972675,False
-3.2754743,False
-3.2777984,False
-2.9027803,False
-2.957043,False
-2.9156134,False
-3.0767863,False
-2.9080982,False
-3.2667036,False
-3.0245166,False
-3.1965091,False
-2.9565697,False
-2.4840057,False
-2.6284702,False
-2.9118686,False
-2.7904046,False
-2.7303557,False
-3.1171567,False
-2.802603,False
-2.0423899,False
-2.6495144,False
-2.3357706,False
-2.740167,False
-3.1416428,False
-3.7606034,False
-3.6958716,False
-3.1649377,False
-3.5581107,False
-3.9313343,False
-3.3114157,False
-3.604079,False
-2.9196355,False
-3.3633275,False
-3.2391407,False
-3.478493,False
-3.4604084,False
-3.061593,False
-3.3187957,False
-3.162285,False
-3.5298173,False
-3.3418777,False
-2.8178937,False
-3.2366672,False
-3.028703,False
-3.0991178,False
-3.3916533,False
-2.902914,False
-2.9944577,False
-3.7351685,False
-3.438002,False
-3.8850975,False
-3.639657,False
-3.0348315,False
-2.836039,False
-3.4052966,False
-3.344645,False
-3.3461163,False
-3.4092844,False
-3.1158428,False
-2.7331042,False
-2.7284045,False
-2.7560763,False
-2.9732413,False
-2.96746,False
-2.6740212,False
-2.670548,False
-2.88634,False
-3.2121723,False
-2.8730712,False
-2.9915705,False
-2.5488026,False
-2.885058,False
-2.9609268,False
-3.1642964,False
-3.2333097,False
-3.244715,False
-3.1672919,False
-3.2808437,False
-3.1173496,False
-2.698492,False
-2.562453,False
-2.6760805,False
-3.2028105,False
-3.3442714,False
-3.1089287,False
-2.430531,False
-3.6554043,False
-3.285822,False
-3.3419304,False
-3.1114142,False
-2.7658713,False
-2.1579096,False
-2.54659,False
-2.6397493,False
-3.8825784,False
-2.9838116,False
-2.7784133,False
-3.2559192,False
-2.670421,False
-2.7023656,False
-3.8233755,False
-2.934095,False
-2.8510783,False
-2.4318695,False
-3.4267595,False
-3.107539,False
-2.853218,False
-2.6304412,False
-2.6267405,False
-3.2111242,False
-3.1538184,False
-3.106503,False
-2.7876866,False
-3.046357,False
-2.6745474,False
-3.1190848,False
-2.8164492,False
-3.2354183,False
-2.9344947,False
-2.450891,False
-2.7753882,False
-2.5597997,False
-2.5309272,False
-2.646523,False
-2.6894186,False
-2.382643,False
-2.501353,False
-2.3822157,False
-2.4925916,False
-3.3232806,False
-3.2470593,False
-3.2673876,False
-3.0791936,False
-2.9819734,False
-3.013189,False
-3.183549,False
-2.8196096,False
-2.6804645,False
-2.9837587,False
-2.937109,False
-2.8482342,False
-3.0009167,False
-3.1457326,False
-2.7821236,False
-2.7197359,False
-2.328863,False
-3.3463047,False
-3.6541567,False
-2.6675274,False
-2.9791152,False
-2.9889667,False
-3.9100335,False
-3.6342971,False
-3.8036654,False
-3.440818,False
-1.2911524,True
-2.733455,False
-2.7488225,False
-2.861855,False
-2.6547413,False
-2.558064,False
-2.854075,False
-2.3680415,False
-2.810593,False
-2.3950434,False
-2.505067,False
-2.9506211,False
-2.6189306,False
-2.505581,False
-2.9759634,False
-3.0872097,False
-3.0130994,False
-4.0012693,False
-2.6442478,False
-3.6409612,False
-3.6695564,False
-3.4264953,False
-3.2163043,False
-3.797062,False
-3.6917636,False
-3.9468775,False
-3.0065904,False
-3.4334905,False
-3.3183763,False
-2.7793517,False
-3.1727052,False
-3.18189,False
-3.5682724,False
-3.7683134,False
-3.8129618,False
-3.2641377,False
-3.2482252,False
-3.1456244,False
-2.8114336,False
-2.8416374,False
-3.159435,False
-3.2997503,False
-3.6279178,False
-3.2451222,False
-3.514626,False
-3.8024871,False
-3.169303,False
-2.952117,False
-2.845266,False
-2.8090947,False
-2.94984,False
-3.2524636,False
-3.334578,False
-3.325212,False
-2.9718575,False
-2.5613463,False
-2.8477418,False
-3.1326537,False
-3.543604,False
-3.5333688,False
-2.9607272,False
-2.4997437,False
-2.1624618,False
-2.4398348,False
-2.5732667,False
-3.2149851,False
-2.7589264,False
-2.9994771,False
-3.0021014,False
-3.366356,False
-3.1944788,False
-3.0840554,False
-3.0002797,False
-3.0805857,False
-2.8591702,False
-3.0075135,False
-2.9825149,False
-2.9466755,False
-2.8977644,False
-3.3182504,False
-3.6124105,False
-3.3370187,False
-3.3860307,False
-3.1661394,False
-3.1892622,False
-3.0124207,False
-2.8571284,False
-3.1695921,False
-3.0859249,False
-2.6969457,False
-2.627862,False
-2.5441267,False
-2.9398265,False
-3.1407921,False
-3.506259,False
-3.139463,False
-2.38849,False
-2.2737198,False
-2.8321664,False
-2.5231144,False
-2.3354547,False
-2.67537,False
-2.57364,False
-2.8354297,False
-3.1590471,False
-3.2957377,False
-2.7920825,False
-3.0773864,True
-2.8487475,True
-2.754897,True
-2.006925,True
-2.9676666,True
-3.3132365,True
-3.4687262,True
-2.7648323,True
-2.669697,True
-2.8868384,True
-3.3200786,True
-2.5264914,True
-2.5921593,True
-3.152661,True
-3.1702595,True
-2.8576708,True
-1.1436557,True
-2.8563592,True
-2.543106,True
-1.9591876,True
-2.1476128,True
-3.1079192,True
-2.0383165,True
-2.3358555,True
-3.4826639,True
-3.1345127,True
-3.1021996,True
-1.0759454,True
-1.0333234,True
-0.9069525,True
-1.0940323,True
-1.7353444,True
-4.009589,True
-3.536124,True
-3.4980474,True
-3.2519102,True
-2.9702008,True
-3.4161894,True
-3.1873798,True
-3.077618,True
-2.998837,True
-0.83563066,True
-1.8812841,True
-3.0393817,True
-3.650615,True
-2.8233166,True
-3.1068811,True
-3.0977674,False
-3.221025,False
-3.1171863,False
-2.4331515,False
-3.069921,False
-3.3787992,False
-3.7842112,False
-2.461593,False
-3.512341,False
-2.885359,False
-2.4854224,False
-2.619349,True
-3.448084,False
-3.3836212,False
-3.2139173,False
-3.0835567,False
-3.542565,False
-4.015172,False
-3.2447653,False
-3.4549656,False
-3.7570875,False
-3.6995206,False
-3.1465452,False
-3.4866984,False
-3.8497736,False
-3.3705273,False
-3.4591496,False
-3.0060685,False
-3.2871149,False
-3.179907,False
-3.423376,False
-3.210574,False
-3.2186496,False
-3.807111,False
-3.5198667,False
-2.921341,False
-3.3775368,False
-3.2079127,False
-3.2421386,False
-3.2842567,False
-3.6121206,False
-3.5546663,False
-3.541839,False
-3.6344504,False
-3.3535187,False
-3.271894,False
-3.379969,False
-3.8877203,False
-3.5517888,False
-3.257415,False
-3.4722528,False
-3.401336,False
-3.6778584,False
-3.3456283,False
-3.2629597,False
-3.0014932,False
-3.21359,False
-2.9856124,False
-3.024338,False
-2.5466554,False
-2.6657355,False
-2.9843364,False
-2.8467352,False
-3.0116699,False
-2.870788,False
-2.9745717,False
-3.1544642,False
-3.3123066,False
-3.3474321,False
-3.590277,False
-3.3686242,False
-4.145361,False
-3.1353755,False
-3.8409793,False
-4.1427107,False
-3.74599,False
-3.7005432,False
-4.008821,False
-4.137189,False
-3.7789285,False
-3.8538165,False
-3.8055327,False
-3.58016,False
-3.379973,False
-2.8853478,False
-3.8023465,False
-3.993558,False
-2.9133573,False
-3.1942117,False
-2.973844,False
-3.381056,False
-3.237102,False
-2.5375283,False
-2.8487544,False
-2.9415398,False
-3.0468423,False
-3.1979148,False
-2.8647532,False
-2.8874931,False
-3.216971,False
-3.3933308,False
-3.0158396,False
-4.149005,False
-3.5018923,False
-3.5659206,False
-3.1681266,False
-3.147959,False
-3.4485815,False
-2.81239,False
-2.9230354,False
-3.228279,False
-2.9891658,False
-2.4798293,False
-3.8124602,False
-3.572638,False
-2.509217,False
-2.778991,False
-2.8295195,False
-2.8502576,False
-3.3295095,False
-2.3924956,False
-2.3276055,False
-3.459687,False
-3.352241,False
-3.269812,False
-3.2238228,False
-3.2895157,False
-3.1987655,False
-3.2584927,False
-3.529743,False
-3.6063612,False
-3.4912634,False
-3.2876184,False
-3.137892,False
-3.0369515,False
-3.1553743,False
-2.5431414,False
-2.5721784,False
-2.9642763,False
-3.0420065,False
-3.0211124,False
-2.7968695,False
-3.0202708,False
-3.11061,False
-3.3314924,False
-3.3378282,False
-3.2053628,False
-3.5263078,False
-3.9529374,False
-3.6935072,False
-3.5993886,False
-4.163667,False
-4.0157056,False
-3.8847635,False
-4.106286,False
-3.9722273,False
-3.1471677,False
-3.38166,False
-2.9673018,False
-3.5178509,False
-2.4716485,False
-2.7557063,False
-3.1361854,False
-3.2273765,False
-3.1505966,False
-3.3187633,False
-3.3733904,False
-3.411905,False
-2.858962,False
-2.9007943,False
-3.1455977,False
-2.862347,False
-3.4544585,False
-3.5172555,False
-3.4514303,False
-3.400073,False
-3.4225416,False
-3.2823076,False
-3.284624,False
-3.0341594,False
-2.9318285,False
-2.8697984,False
-3.0307393,False
-2.6179955,False
-3.0967631,False
-3.566735,False
-3.1121464,False
-2.611223,False
-2.7224293,False
-2.8552904,False
-3.209658,False
-2.8441734,False
-2.533007,False
-2.5542822,False
-2.000857,False
-2.3118312,False
-2.7443612,False
-2.9112644,False
-2.8765028,False
-2.5706258,False
-2.7035358,False
-2.7127001,False
-3.0168107,False
-3.140561,False
-3.169209,False
-3.1911352,False
-3.1602607,False
-3.145591,False
-2.7055109,False
-2.596195,False
-2.7231925,False
-2.33332,False
-2.7811244,False
-3.1989,False
-3.76516,False
-4.055126,False
-3.6589224,False
-2.8821127,False
-2.624527,False
-2.253989,False
-2.5735729,False
-2.884723,False
-3.2609658,False
-3.1228678,False
-3.0338893,False
-2.6096227,False
-2.6914344,False
-3.2153647,False
-2.8030982,False
-3.2222676,False
-3.3906806,False
-3.2927897,False
-3.0611644,False
-2.8708024,False
-3.0350034,False
-3.094613,False
-3.0001078,False
-2.7378151,False
-2.7066038,False
-2.7859015,False
-2.678052,False
-2.6057732,False
-2.8746336,False
-3.0649846,False
-2.7881935,False
-2.4613874,False
-2.3904836,False
-2.5601351,False
-2.8133326,False
-3.4098938,False
-3.407194,False
-3.348478,False
-3.3757951,False
-3.5837383,False
-3.2402563,False
-2.8761272,False
-3.0704916,False
-3.2393925,False
-3.1608655,False
-3.3437295,False
-3.465891,False
-3.4857652,False
-3.2779953,False
-2.941913,False
-3.0386302,False
-3.0991096,False
-2.9945188,False
-3.2791476,False
-3.2543368,False
-3.030647,False
-3.0950155,False
-2.8446586,False
-2.9053948,False
-2.8871677,False
-2.7644606,False
-2.889541,False
-2.8915622,False
-3.0342438,False
-3.0065045,False
-2.9079318,False
-2.9876115,False
-2.9863894,False
-2.9631052,False
-2.7564392,False
-2.650484,False
-2.839201,False
-3.1576657,False
-3.484585,False
-3.4345746,False
-2.9047139,False
-2.4850266,False
-2.3457246,False
-2.646642,False
-2.7940097,False
-3.2132015,False
-3.1545491,False
-2.7465804,False
-2.838208,False
-3.185951,False
-3.1978803,False
-3.3932092,False
-3.324484,False
-3.3139992,False
-3.337712,False
-3.281197,False
-2.81624,False
-2.7830272,False
-2.7701118,False
-3.40934,False
-3.409441,False
-3.202177,False
-3.0418632,False
-3.3211176,False
-2.9701962,False
-3.185584,False
-3.3058455,False
-3.2212586,False
-3.0184164,False
-2.9965012,False
-2.646569,False
-2.4448926,False
-2.6461847,False
-2.8180594,False
-2.6600106,False
-2.6976006,False
-2.8661335,False
-3.2751772,False
-2.8802128,False
-3.1645706,False
-2.8295138,False
-3.1674056,False
-3.1911957,False
-3.2508547,False
-3.1056602,False
-3.2875283,False
-3.0335808,False
-2.8474722,False
-3.1971056,False
-2.5587273,False
-2.3431199,False
-2.5016596,False
-3.1351755,False
-3.270827,False
-2.9750402,False
-2.8484569,False
-2.731301,False
-2.837423,False
-2.8465679,False
-3.1016197,False
-2.9753757,False
-3.2861793,False
-3.0179393,False
-3.0006979,False
-2.7864988,False
-3.343104,False
-3.219845,False
-3.4778898,False
-3.5497303,False
-3.4509475,False
-3.0126834,False
-3.1018019,False
-3.154865,False
-3.2850327,False
-3.0172117,False
-2.481401,False
-2.5922756,False
-2.5656564,False
-2.8546112,False
-2.6557257,False
-2.607831,False
-2.8517394,False
-2.87183,False
-3.33549,False
-3.562747,False
-3.345408,False
-2.655712,False
-2.336086,False
-2.3496585,False
-2.8036845,False
-3.2667248,False
-3.2517319,False
-3.0015602,False
-2.51088,False
-3.3524904,False
-3.584651,False
-3.5574975,False
-3.4483,False
-3.357474,False
-3.191463,False
-3.4053586,False
-3.171718,False
-3.6811721,False
-3.693734,False
-3.4279451,False
-3.1157398,False
-2.944013,False
-2.7013688,False
-2.7634897,False
-3.2503045,False
-3.4797685,False
-3.6668642,False
-3.4388342,False
-3.0379345,False
-2.9931872,False
-2.5972633,False
-2.5393655,False
-2.6069787,False
-2.6856294,False
-2.470711,False
-2.655205,False
-2.8033974,False
-2.5901842,False
-2.9712918,False
-3.0470502,False
-3.0440083,False
-3.2138014,False
-3.0166368,False
-2.987923,False
-3.0606372,False
-2.9891107,False
-3.5015426,False
-3.2073438,False
-2.6927423,False
-3.185938,False
-2.9270787,False
-2.8057835,False
-2.8540347,False
-2.8773324,False
-2.945073,False
-3.045086,False
-3.0454547,False
-2.543741,False
-3.2136095,False
-3.0852106,False
-3.1254237,False
-2.9775593,False
-2.8683436,False
-3.441994,False
-3.4795425,False
-3.6191962,False
-3.192883,False
-2.6978195,False
-2.7567906,False
-3.4277847,False
-3.4631135,False
-3.4724326,False
-3.0098712,False
-2.6417215,False
-3.6575205,False
-3.3749819,False
-3.600438,False
-3.3986616,False
-3.275549,False
-2.7409465,False
-2.4900723,False
-2.5000322,False
-3.9191213,False
-3.1984475,False
-3.282441,False
-3.7011945,False
-3.072461,False
-3.6065187,False
-3.7255676,False
-3.6402423,False
-3.2672067,False
-3.4991322,False
-3.1217008,False
-2.9492965,False
-2.4112563,True
-2.6426513,True
-2.5660205,True
-2.508861,True
-2.539747,True
-1.8995876,True
-1.2035563,True
-1.3459891,True
-1.8852303,True
-2.9111261,True
-3.560564,True
-3.6414862,True
-2.5982854,True
-2.5862422,True
-2.870402,True
-3.4017618,True
-3.0743482,True
-2.403758,True
-2.8239346,True
-3.0227554,True
-3.4526641,True
-3.4824677,True
-3.6760905,True
-3.458863,True
-2.7710757,True
-2.7877328,True
-2.5737529,True
-1.6667871,True
-1.8568752,True
-2.8968003,True
-2.6752229,True
-3.5472054,True
-3.001136,True
-2.1871576,True
-2.9079897,True
-3.0591428,True
-3.0154157,True
-2.7068806,True
-3.2581077,True
-2.5945604,True
-2.1586359,True
-1.7341661,True
-1.622326,True
-2.7859244,False
-3.3564663,False
-3.2625766,False
-3.0232296,False
-3.4038842,False
-3.429533,False
-2.9522185,False
-3.5344908,False
-3.5175292,False
-3.1769328,False
-3.275377,False
-2.8916836,False
-3.5170774,False
-3.129465,False
-2.792077,False
-2.594808,False
-2.358682,False
-2.0691357,False
-2.4246767,False
-2.4379907,False
-2.4038315,False
-2.2037523,False
-2.265108,False
-2.3806465,False
-2.5255456,False
-2.584147,False
-2.407821,False
-2.461746,False
-2.63445,False
-2.5562758,False
-2.6930137,False
-2.6568928,False
-2.8967555,False
-2.8794181,False
-2.9905531,False
-3.2850058,False
-3.4539218,False
-3.353547,False
-3.311509,False
-2.7511985,False
-2.2921402,False
-2.4143116,False
-2.468304,False
-2.4055705,False
-1.9903204,False
-2.1860387,False
-2.8084385,False
-2.9924455,False
-3.289322,False
-3.0681982,False
-2.8842113,False
-2.8790705,False
-4.2474604,False
-4.062037,False
-3.655651,False
-3.077975,False
-3.1997392,False
-3.2838113,False
-3.1868527,False
-3.0085578,False
-3.1559331,False
-3.2007728,False
-3.2741811,False
-3.22912,False
-3.8570693,False
-3.8840077,False
-3.848565,False
-3.9805162,False
-3.9806635,False
-4.1382174,False
-4.08399,False
-4.1293783,False
-4.173681,False
-4.0341854,False
-4.3681064,False
-4.014523,False
-3.8824818,False
-3.9670656,False
-3.3058085,False
-3.3232682,False
-3.9178388,False
-3.793589,False
-3.4565127,False
-3.7228074,False
-3.1794581,False
-3.558752,False
-3.6496902,False
-3.901591,False
-3.7883449,False
-3.597336,False
-3.1200478,False
-3.054527,False
-3.5438669,False
-3.7316377,False
-3.6208062,False
-3.7900999,False
-3.7417588,False
-3.957263,False
-4.1559997,False
-3.806667,False
-3.2479894,False
-2.7039914,False
-3.4529002,False
-3.160919,False
-3.2820568,False
-3.0278046,False
-3.2056994,False
-2.7064176,False
-2.980655,False
-2.6179311,False
-2.6041973,False
-3.4571605,False
-2.9835348,False
-2.7425992,False
-2.7990499,False
-3.1819932,False
-3.5751402,False
-3.2976127,False
-3.2988412,False
-3.2366421,False
-3.418924,False
-3.04099,False
-2.9821427,False
-3.2227912,False
-3.37101,False
-2.8985453,False
-3.4232974,False
-4.141084,False
-4.5595827,False
-3.8712454,False
-4.5245733,False
-4.328396,False
-5.0138984,False
-2.8616154,False
-3.5200489,False
-3.692333,False
-3.4542332,False
-3.1473398,False
-2.8986752,False
-3.2087307,False
-2.774183,False
-3.3344088,False
-2.7016623,False
-2.8650904,False
-2.186145,False
-2.569697,False
-2.9238586,False
-2.990966,False
-2.4554436,False
-3.180779,False
-2.2700255,False
-2.474483,False
-2.934067,False
-2.6935084,False
-2.5823307,False
-2.6126523,False
-2.8183243,False
-2.4339924,False
-2.8753977,False
-2.6389706,False
-2.89021,False
-2.6084177,False
-2.5276465,False
-3.0765474,False
-3.0428536,False
-3.3807805,False
-3.2571914,False
-2.5250912,False
-2.901965,False
-2.834473,False
-2.7802107,False
-3.0145304,False
-2.5291555,False
-2.122392,False
-2.6825578,False
-3.2117321,False
-3.4269702,True
-3.0555046,True
-2.4213593,True
-2.6528082,True
-2.9480746,False
-3.109739,False
-3.2325225,False
-2.5080292,False
-2.5967486,False
-2.9239109,False
-2.672573,False
-2.8585062,False
-3.147385,False
-2.9177582,False
-2.566312,False
-2.784775,False
-2.5391061,False
-2.595711,False
-2.6156657,False
-3.20017,False
-3.1714551,False
-2.753755,False
-2.9839785,False
-3.1761947,False
-2.7530913,False
-2.7220206,False
-2.6758707,False
-3.5964582,False
-4.076497,False
-2.0899954,False
-3.012419,False
-2.6198454,False
-3.1096249,False
-2.9873717,False
-2.7116172,False
-2.8452034,False
-2.6831145,False
-2.8465738,False
-3.5237124,False
-3.5491135,False
-3.8400362,False
-3.7403018,False
-3.7678382,False
-3.6573913,False
-3.2606335,False
-3.2575233,False
-3.1199672,False
-3.1578512,False
-3.301713,False
-3.1005688,False
-3.287654,False
-3.1330535,False
-3.4612215,False
-3.4801474,False
-3.8365147,False
-3.7557871,False
-3.580032,False
-3.1846027,False
-3.1774056,False
-3.1592114,False
-3.689939,False
-3.6326845,False
-3.3178384,False
-3.8765273,False
-3.59565,False
-3.3917875,False
-2.5164795,False
-3.2747655,False
-3.2184837,False
-2.827293,False
-3.0398986,False
-3.129723,False
-3.0508358,False
-2.8125012,False
-2.7831056,False
-3.2497807,False
-2.8832164,False
-2.7807474,False
-2.0650203,False
-2.4409869,False
-2.8317888,False
-2.5589774,False
-2.5027938,False
-2.9759026,False
-2.4323082,True
-2.5285318,True
-2.5982466,True
-2.4304583,True
-2.4331439,True
-2.5861216,True
-2.389741,True
-3.6448905,False
-3.4359353,False
-3.2253888,False
-3.4449732,False
-3.0936291,False
-3.4254663,False
-3.6342368,False
-3.0731866,False
-3.0348256,False
-2.3128486,False
-2.744108,False
-2.7975638,False
-3.0474603,False
-2.772891,False
-2.6315098,False
-2.6444294,False
-2.9313908,False
-3.0475943,False
-2.96931,False
-2.8379762,False
-3.203884,False
-3.4364636,False
-3.4231126,False
-3.551366,False
-3.4200122,False
-3.5524533,False
-2.9713333,False
-2.2323644,False
-2.508156,False
-2.3207543,False
-2.5386045,False
-3.300794,False
-4.067268,False
-4.314082,False
-3.9951756,False
-3.6251223,False
-3.4559214,False
-3.752003,False
-3.644212,False
-3.2800505,False
-3.0417986,False
-3.3941677,False
-3.6404865,False
-2.732651,False
-2.8825157,False
-2.5645144,False
-2.6413212,False
-2.671814,False
-2.9660878,False
-2.6139622,False
-2.471317,False
-2.4797082,False
-2.8803544,False
-3.2191205,False
-3.106291,False
-3.1307316,False
-2.7439165,False
-2.7833016,False
-3.013565,False
-3.1276658,False
-3.3280034,False
-2.5730317,False
-2.6924517,False
-2.5731976,False
-2.945562,False
-4.142158,False
-3.8008702,False
-3.3760984,False
-2.8792572,False
-2.7643144,False
-3.1638796,False
-3.3409915,False
-3.6892712,False
-3.1290214,False
-3.5993567,False
-2.6652951,False
-3.0078042,False
-3.4999979,False
-3.1942651,False
-3.2112124,False
-3.276228,False
-4.0700207,False
-3.641438,False
-3.082737,False
-2.725808,False
-3.0774243,False
-3.1830053,False
-2.8861246,False
-3.2075806,False
-2.861433,False
-2.4930692,False
-2.9007435,False
-3.358616,False
-3.6853793,False
-3.3643334,False
-3.583467,False
-3.9644768,False
-2.9489753,False
-2.8122046,False
-3.2232547,False
-3.1992602,False
-2.8663971,False
-3.078308,False
-3.0779746,False
-3.3967388,False
-3.0677366,False
-3.0982957,False
-3.1064107,True
-2.0280445,True
-1.7477851,True
-1.4479401,True
-2.786816,False
-3.223215,False
-3.2596176,False
-2.792956,False
-3.2906375,False
-2.9566803,False
-3.3761382,False
-3.808649,False
-3.9488442,False
-3.757619,False
-3.7268682,False
-3.328723,False
-3.6895602,False
-4.5632496,False
-4.163099,False
-4.1464143,False
-4.1547217,False
-4.4166274,False
-4.4062924,False
-4.170467,False
-4.1916327,False
-4.0781903,False
-4.3486605,False
-4.4239674,False
-4.338828,False
-4.0337415,False
-3.9658349,False
-3.834668,False
-4.0046306,False
-3.7894154,False
-3.8365345,False
-4.0292587,False
-4.060068,False
-4.0054073,False
-4.039475,False
-3.9511147,False
-3.885428,False
-3.9585052,False
-4.019747,False
-4.0325994,False
-4.1977935,False
-4.208937,False
-4.409108,False
-4.032597,False
-4.2248664,False
-4.2114763,False
-4.1337085,False
-3.8443859,False
-3.733313,False
-3.2902954,False
-3.0173244,False
-3.1705642,False
-3.8990233,False
-3.5485003,False
-3.579489,False
-3.757812,False
-3.5969384,False
-3.7990873,False
-3.3382714,False
-3.188234,False
-3.170178,False
-3.457105,False
-3.599231,False
-3.5645578,False
-3.6816838,False
-3.5902078,False
-3.4758055,False
-3.6094358,False
-3.6209066,False
-3.700552,False
-3.73229,False
-3.4506419,False
-3.6675167,False
-3.5998232,False
-3.5432835,False
-3.6958797,False
-3.7914793,False
-4.1592674,False
-4.166284,False
-4.2824273,False
-3.814958,False
-3.8548656,False
-3.5203133,False
-3.7490163,False
-3.8175511,False
-4.0958333,False
-3.8747485,False
-4.070552,False
-4.1486864,False
-4.334457,False
-4.436878,False
-4.0123506,False
-3.7458224,False
-3.5444703,False
-3.0388062,False
-3.2954168,False
-3.1804695,False
-3.7502747,False
-2.9425473,False
-3.43283,False
-3.5895002,False
-3.0646553,False
-3.144192,False
-3.2128577,False
-3.8032525,False
-3.1572442,False
-4.033364,False
-3.3717475,False
-3.2964666,False
-3.2508738,False
-3.6509478,False
-3.4237695,False
-3.5727797,False
-3.5775108,False
-4.0479727,False
-3.7565653,False
-3.3349452,False
-3.061891,False
-3.369254,False
-3.7348468,False
-4.0473366,False
-4.0197744,False
-3.7755027,False
-2.8358824,False
-2.5846145,False
-2.685803,False
-2.5376005,False
-2.6845443,False
-3.3380008,False
-3.3145602,False
-3.4719932,False
-3.5680559,False
-3.3173528,False
-3.355172,False
-3.1325557,False
-3.4609354,False
-3.7764773,False
-3.4259992,False
-2.841028,False
-2.4975598,False
-2.8340833,False
-3.314208,False
-3.9129097,False
-4.141645,False
-4.209006,False
-3.849079,False
-3.3577178,False
-3.6125839,False
-3.9349344,False
-4.6489286,False
-4.1526194,False
-4.758135,False
-4.344298,False
-3.653452,False
-3.181068,False
-2.936023,False
-2.4161813,False
-3.3682194,False
-3.4587708,False
-3.4854975,False
-2.8388908,False
-2.4267993,False
-2.8724868,False
-3.44888,False
-3.8607836,False
-3.9303055,False
-3.6105354,False
-3.3089318,False
-3.5682986,False
-3.4888084,False
-3.5833664,False
-3.3616233,False
-3.2508836,False
-3.4123619,False
-3.5362856,False
-3.4314895,False
-3.2980528,False
-2.879452,False
-2.8699358,False
-2.8591468,False
-3.0358627,False
-2.9626606,False
-2.8850524,False
-3.4642775,False
-3.6304555,False
-3.6692126,False
-3.4742486,False
-3.7752922,False
-3.1126437,False
-2.6849172,False
-2.0791175,False
-2.4294586,False
-3.1394875,False
-2.9202487,False
-4.146408,False
-3.6841207,False
-3.872646,False
-3.4374964,False
-3.5673773,False
-3.881922,False
-3.9251611,False
-3.453798,False
-3.5712118,False
-3.495817,False
-2.995166,False
-4.0357194,False
-3.41951,False
-3.2132542,False
-2.6239977,False
-3.119615,False
-3.4679663,False
-3.6076727,False
-3.5107017,False
-3.4153085,False
-3.0239851,False
-3.3555017,False
-3.475398,False
-2.9308515,False
-3.4926157,False
-3.5866673,False
-3.1240265,False
-3.253269,False
-2.9250462,False
-3.368674,False
-3.3298635,False
-3.0899093,False
-2.849981,False
-3.2529833,False
-3.6349103,False
-3.2143066,False
-3.286419,False
-3.657293,False
-3.3839965,False
-2.7236204,False
-2.7744694,False
-3.5028307,False
-2.8966343,False
-3.449709,False
-3.7343042,False
-3.586456,False
-3.2118142,False
-2.3170474,True
-2.1867182,False
-3.3408375,False
-3.6797552,False
-2.7226293,False
-2.5468202,False
-3.2907228,False
-3.3213146,False
-2.932616,False
-3.0559666,False
-4.0458174,False
-4.1306653,False
-3.3609495,False
-3.1450906,False
-3.2540894,False
-3.1104202,False
-3.047871,False
-3.3075812,False
-3.5270073,False
-3.6249077,False
-3.8780458,False
-3.8670712,False
-3.7378666,False
-3.739287,False
-3.2071235,False
-2.7424185,False
-2.795499,False
-2.8758233,False
-2.1773057,False
-2.4910018,False
-2.784994,False
-2.1438694,False
-2.5372474,False
-2.8729122,False
-3.061331,False
-3.1393015,False
-3.1247804,False
-3.2519414,False
-2.818373,False
-2.3113039,False
-3.2418694,False
-3.0273616,False
-3.248239,False
-3.2531965,False
-3.061064,False
-2.927665,False
-2.758886,False
-2.6469276,False
-3.1467566,False
-2.6077633,False
-2.6838908,False
-2.2200303,False
-2.6225233,False
-2.61275,False
-2.430528,False
-2.3369954,False
-2.1131,False
-2.85659,False
-2.6081903,False
-2.9067554,False
-3.0902398,False
-3.2930028,False
-3.2932193,False
-2.8807714,False
-2.9583042,False
-2.82431,False
-3.2371283,False
-2.9423492,False
-2.2620192,False
-2.6289587,False
-3.1786525,False
-3.2021265,False
-2.9766476,False
-2.6756957,False
-2.7438772,False
-3.317165,False
-3.3398821,False
-3.422824,False
-2.6512587,False
-2.683973,False
-2.4720085,False
-3.4246643,False
-3.6232655,False
-2.7313337,False
-2.5788007,False
-2.5680666,False
-3.5156655,False
-2.4091275,False
-2.4039845,False
-2.65473,False
-2.3873675,False
-2.6942246,False
-2.5518894,False
-3.2179894,False
-2.5068896,False
-2.4306977,False
-3.3780713,False
-3.4228551,False
-2.663554,False
-2.6996272,False
-3.175649,False
-2.951526,False
-2.4843795,False
-2.815163,False
-2.9669263,False
-3.0401814,False
-3.1524174,False
-2.995145,False
-2.5643504,False
-2.3215024,False
-3.227559,False
-2.7419405,False
-2.1493862,False
-2.5737064,False
-2.9959805,False
-2.2099288,False
-2.3991163,False
-2.6941283,False
-2.9177382,False
-2.8484385,False
-3.8881812,False
-3.411559,False
-2.93517,False
-2.465984,False
-3.0961707,False
-3.0697253,False
-3.263233,False
-2.7985318,False
-3.1858437,False
-3.0520093,False
-2.5419216,False
-2.6470292,False
-2.6823177,False
-3.1726902,False
-2.8886316,False
-2.8853226,False
-2.8023179,False
-2.8752527,False
-3.2796395,False
-3.6321502,False
-3.1018333,False
-2.8632162,False
-2.7449498,False
-3.5323174,False
-3.4432998,False
-3.3578396,False
-2.2922277,False
-2.9059272,False
-3.3865545,False
-3.063213,False
-3.3594239,False
-2.7153692,False
-2.8499472,False
-2.7035844,False
-3.2200055,False
-2.783331,False
-2.8517563,False
-2.6520042,False
-3.6698818,False
-2.9510195,False
-3.827197,False
-3.2008476,False
-3.1665914,False
-3.5301683,False
-3.8592534,False
-2.3378341,False
-2.1076653,False
-1.9770794,False
-2.9077342,False
-2.835615,False
-2.7489934,False
-2.6728907,False
-2.9163888,False
-3.5875206,False
-3.5167372,False
-3.5179603,False
-3.1390653,False
-3.2703354,False
-3.2131922,False
-3.5176005,False
-3.4218528,False
-3.4680424,False
-3.3723743,False
-3.3527224,False
-3.3579843,False
-3.3542793,False
-3.3625162,False
-3.4448283,False
-3.2855449,False
-3.5097184,False
-3.2965233,False
-3.1641858,False
-3.0942807,False
-3.1255398,False
-2.9688118,False
-3.0928483,False
-3.244589,False
-3.3123915,False
-3.0970461,False
-2.9796019,False
-3.3311012,False
-3.4064047,False
-3.332299,False
-3.1247208,False
-3.237055,False
-3.2332575,False
-3.1499748,False
-2.9643831,False
-3.0127873,False
-2.954573,False
-2.5806735,False
-2.6426034,False
-2.6710384,False
-2.8399425,False
-3.1122983,False
-3.2576368,False
-3.1631856,False
-2.9653804,False
-3.1195927,False
-3.3015294,False
-3.5035667,False
-3.4135597,False
-3.4988914,False
-3.3474586,False
-3.329768,False
-3.4542584,False
-3.5457017,False
-3.4538393,False
-3.5149589,False
-3.2674153,False
-3.492308,False
-3.359751,False
-3.157297,False
-3.0009725,False
-3.0921369,False
-3.2279847,False
-3.400864,False
-3.30156,False
-3.004338,False
-3.1107333,False
-3.2082841,False
-3.4191587,False
-2.9570384,False
-3.1232026,False
-2.9774394,False
-3.105984,False
-2.8167799,False
-2.747949,False
-2.9182746,False
-3.1816256,False
-3.3202934,False
-3.1528313,False
-3.2138278,False
-3.4452996,False
-3.5644073,False
-3.2505016,False
-3.07105,False
-2.8348124,False
-3.3154635,False
-3.1936598,False
-3.0429578,False
-2.6131206,False
-2.9154572,False
-3.500451,False
-3.1725843,False
-3.1804504,False
-3.0565984,False
-3.0762525,False
-3.156221,False
-3.4366064,False
-3.4256036,False
-3.4493666,False
-3.5780694,False
-3.4563944,False
-3.3358526,False
-3.468898,False
-3.2083204,False
-3.2105927,False
-2.6126988,False
-2.8934517,False
-2.9983213,False
-3.4962013,False
-3.4993405,False
-3.4192936,False
-3.5060582,False
-3.2787058,False
-3.3376648,False
-3.5084784,False
-3.949034,False
-3.6409104,False
-3.3006713,False
-3.4599247,False
-3.7908204,False
-3.7538004,False
-4.011126,False
-3.6446638,False
-3.7152445,False
-3.564304,False
-3.5547795,False
-3.7487142,False
-3.7480588,False
-3.660561,False
-3.6325881,False
-3.623054,False
-3.551031,False
-3.3058531,False
-2.9267662,False
-3.088362,False
-2.9750302,False
-3.1462846,False
-3.0083578,False
-3.2071674,False
-3.0829368,False
-2.87269,False
-2.7282012,False
-2.7635136,False
-2.8291242,False
-3.189502,False
-3.267536,False
-2.7326405,False
-2.6614702,False
-2.9997046,False
-3.1288626,False
-3.594331,False
-3.2883997,False
-3.3486898,False
-3.181864,False
-3.1885657,False
-3.0789807,False
-3.574928,False
-3.2979574,False
-3.282817,False
-3.1785092,False
-3.3650222,False
-3.327206,False
-3.0284595,False
-3.5486715,False
-3.6014397,False
-3.6175616,False
-3.4082193,False
-3.2086911,False
-3.190681,False
-3.174198,False
-3.3585756,False
-3.3484154,False
-3.584889,False
-3.245235,False
-3.2858503,False
-2.9927738,False
-3.3696427,False
-3.4722092,False
-3.6179807,False
-3.299784,False
-3.3090842,False
-3.076768,False
-2.9239254,False
-3.222571,False
-3.4081547,False
-3.2447937,False
-3.0360374,False
-2.8437307,False
-2.8005908,False
-2.73379,False
-2.8741457,False
-2.9738445,False
-3.07083,False
-3.0549524,False
-3.190941,False
-3.3931413,False
-3.335419,False
-2.8674104,False
-2.8874564,False
-3.0002086,False
-3.248566,False
-3.0214121,False
-2.8397608,False
-3.1474185,False
-3.2232962,False
-3.1841624,False
-2.9360256,False
-2.7605088,False
-2.5709612,False
-3.0082362,False
-3.2324696,False
-3.5709176,False
-3.3536825,False
-3.1983473,False
-3.076101,False
-2.9278347,False
-2.9046762,False
-2.8389914,False
-3.1166248,False
-3.1914022,False
-3.326296,False
-3.1732717,False
-2.9977155,False
-3.0174217,False
-2.9275718,False
-3.0775943,False
-3.1003096,False
-3.3318095,False
-3.1956782,False
-3.1303701,False
-3.2154298,False
-3.1694014,False
-3.1164062,False
-3.2679112,False
-3.0450022,False
-3.1621635,False
-2.8385801,False
-2.6853812,False
-3.1238515,False
-3.571354,False
-3.4651067,False
-3.518702,False
-3.1524801,False
-3.1729074,False
-3.2528064,False
-3.4942439,False
-3.6696067,False
-3.2064219,False
-2.943279,False
-2.9502637,False
-3.0745687,False
-3.0986679,False
-3.1532485,False
-3.0120275,False
-3.033585,False
-2.952848,False
-3.0103667,False
-3.2437804,False
-3.3114164,False
-3.110837,False
-3.1226242,False
-3.2371542,False
-3.6365569,False
-3.601011,False
-3.3090777,False
-3.470757,False
-3.543552,False
-3.5770497,False
-3.6510308,False
-3.469015,False
-3.182736,False
-3.2577877,False
-3.225009,False
-3.2891428,False
-3.2709444,False
-3.4114044,False
-3.6271508,False
-3.3245265,False
-2.974525,False
-3.0212324,False
-3.5100296,False
-3.6314569,False
-3.4493687,False
-3.0769238,False
-2.9265237,False
-3.0105102,False
-3.0335643,False
-3.234866,False
-2.8675852,False
-3.1014085,False
-3.107344,False
-3.507429,False
-3.4704325,False
-3.36158,False
-3.2142766,False
-3.3791077,False
-3.1062682,False
-3.2821505,False
-3.3744495,False
-3.2133198,False
-3.2910407,False
-3.1419923,False
-2.9905946,False
-3.2745836,False
-3.304316,False
-3.1689217,False
-3.4546878,False
-3.5215943,False
-3.265806,False
-3.4455426,False
-3.1370924,False
-3.2960505,False
-3.2491949,False
-3.4280658,False
-3.6553235,False
-3.3429258,False
-3.3117132,False
-3.3902662,False
-3.691803,False
-3.9049163,False
-3.974292,False
-3.8881476,False
-3.626036,False
-3.3242824,False
-2.962408,False
-2.8437657,False
-3.1067674,False
-3.1436276,False
-2.929406,False
-2.9588242,False
-3.265803,False
-3.1244812,False
-3.1824062,False
-2.88241,False
-2.6936152,False
-2.4906685,False
-2.3175955,False
-2.7262576,False
-2.7256827,False
-3.0261433,False
-2.6322367,False
-2.986999,False
-3.0337625,False
-3.1397655,False
-2.9836886,False
-2.8074987,False
-2.8999398,False
-2.6363697,False
-2.654893,False
-2.6680815,False
-2.8147945,False
-2.4661877,False
-2.1909971,False
-2.605574,False
-3.1426082,False
-3.0337543,False
-2.8947363,False
-2.8039284,False
-3.051471,False
-2.8242526,False
-2.573304,False
-2.6257267,False
-2.656835,False
-2.8757079,False
-2.7291636,False
-2.4327009,False
-2.0005202,False
-1.6260195,False
-2.0051358,False
-2.2522314,False
-3.0346816,False
-3.3417625,False
-2.8681076,False
-2.9464865,False
-2.8510797,False
-3.1249695,False
-3.1337073,False
-3.1026497,False
-2.7899404,False
-2.1586087,False
-3.0536234,False
-2.6747532,False
-2.8349571,False
-2.9923227,False
-3.1021357,False
-2.7174869,False
-2.4648697,False
-2.1351635,False
-2.490589,False
-2.7390842,False
-2.8982522,False
-2.650673,False
-3.0628479,False
-2.9231153,False
-2.6845727,False
-2.8941207,False
-2.640248,False
-2.8432071,False
-2.880702,False
-3.09913,False
-2.912863,False
-2.751212,False
-2.738891,False
-2.8055305,False
-3.1834822,False
-3.0994787,False
-3.0452766,False
-2.9668744,False
-2.7890043,False
-2.8033245,False
-2.5436344,False
-2.7293413,False
-2.922137,False
-2.998086,False
-3.0123653,False
-3.0045688,False
-2.813457,False
-2.4922712,False
-2.339575,False
-2.3465836,False
-2.4017632,False
-2.3933613,False
-2.6766362,False
-2.6710563,False
-2.631029,False
-2.606323,False
-2.7899618,False
-2.8986156,False
-3.0488162,False
-3.0393445,False
-2.7027788,False
-2.43071,False
-2.7075315,False
-2.7338603,False
-2.8033745,False
-2.828101,False
-2.557978,False
-2.5181267,False
-2.4981036,False
-2.7156224,False
-2.3881412,False
-2.2436485,False
-2.4350905,False
-3.0325186,False
-2.739325,False
-2.6205177,False
-2.3838205,False
-2.574941,False
-3.1162937,False
-3.2556174,False
-3.1222882,False
-3.1481051,False
-3.1512868,False
-2.8844426,False
-2.9758286,False
-2.3914745,False
-2.2335234,False
-3.0599144,False
-2.7612407,False
-2.7535117,False
-2.7733786,False
-2.9089189,False
-2.6468873,False
-2.5100043,False
-2.2360177,False
-2.4071896,False
-2.858463,False
-2.7765512,False
-2.7426589,False
-2.6546183,False
-2.851353,False
-2.5100904,False
-2.6283884,False
-2.592292,False
-2.6567652,False
-2.3705158,False
-2.685291,False
-2.463335,False
-2.547816,False
-2.245497,False
-2.401899,False
-2.498049,False
-2.7608223,False
-2.850485,False
-3.2907429,False
-3.810505,False
-3.4734538,False
-3.2425158,False
-3.1894646,False
-3.0789697,False
-3.0815585,False
-3.0064213,False
-2.792279,False
-2.7570505,False
-2.5746162,False
-2.3829994,False
-2.3614328,False
-2.539861,False
-3.0495527,False
-2.653984,False
-2.5308862,False
-2.3173058,False
-1.9609628,False
-2.0451853,False
-2.2937355,False
-2.727184,False
-3.1750722,False
-2.897178,False
-3.096142,False
-2.708211,False
-2.7181635,False
-2.6667812,False
-2.782224,False
-2.968245,False
-2.8238823,False
-2.8507621,False
-2.5409412,False
-2.9261317,False
-2.792909,False
-2.7428026,False
-2.5550826,False
-2.7234585,False
-2.7536693,False
-2.9065208,False
-2.6475706,False
-2.6214228,False
-2.2782736,False
-2.5722082,False
-2.8813705,False
-3.4012425,False
-3.4987216,False
-3.8201084,False
-2.6916199,False
-2.6536095,False
-2.6871438,False
-2.8215108,False
-3.0247185,False
-2.9053702,False
-2.8361762,False
-2.7403991,False
-2.806239,False
-2.7854016,False
-2.864474,False
-2.992148,False
-2.8114045,False
-2.821301,False
-3.07623,False
-2.7943375,False
-2.736218,False
-2.2528412,False
-2.7310908,False
-3.568559,False
-3.7596838,False
-3.7010446,False
-3.63575,False
-4.0216837,False
-3.1705713,False
-2.8442364,False
-2.8674371,False
-2.6867788,False
-2.7969687,False
-2.7227857,False
-2.6760535,False
-3.0147772,False
-3.5164573,False
-3.6062238,False
-3.7268126,False
-3.9105592,False
-3.993366,False
-3.6277852,False
-3.754427,False
-4.0000477,False
-3.8998995,False
-4.2978406,False
-4.055193,False
-3.9301686,False
-3.8740332,False
-3.951232,False
-3.9482276,False
-3.9975848,False
-4.1266193,False
-4.0678005,False
-4.3734403,False
-4.7316566,False
-3.6997592,False
-3.740673,False
-3.8060215,False
-3.541392,False
-4.205981,False
-3.0933037,False
-2.928268,False
-3.0112078,False
-3.5554965,False
-3.6363614,False
-3.39195,False
-3.2262802,False
-2.939135,False
-3.4670718,False
-3.753158,False
-3.7704957,False
-3.394344,False
-3.455582,False
-3.095154,False
-3.207436,False
-3.1145368,False
-3.750041,False
-3.513704,False
-4.307716,False
-3.9052808,False
-3.7907045,False
-3.3944519,False
-3.7084,False
-3.5388968,False
-4.206032,False
-4.5262437,False
-4.306081,False
-3.9136577,False
-3.3571794,False
-3.2195418,False
-3.8193855,False
-3.852942,False
-3.5923095,False
-3.507587,False
-3.464441,False
-3.7761629,False
-3.7151642,False
-3.9783368,False
-4.0404863,False
-4.0252204,False
-3.8126,False
-4.1119723,False
-4.5077543,False
-4.7086926,False
-4.297883,False
-4.2194805,False
-4.065399,False
-4.212204,False
-3.806814,False
-3.373272,False
-3.3446176,False
-3.173949,False
-3.338359,False
-3.39505,False
-4.6740427,False
-4.613512,False
-4.7132535,False
-4.6069155,False
-4.1585503,False
-4.278429,False
-3.8444612,False
-4.080536,False
-3.8563852,False
-4.049337,False
-4.2181616,False
-4.4518285,False
-4.488999,False
-4.1255026,False
-4.065315,False
-4.0013647,False
-3.9220665,False
-3.9522135,False
-3.9233656,False
-3.8938136,False
-3.9767842,False
-4.037097,False
-4.5271173,False
-4.1776743,False
-4.233857,False
-4.146729,False
-4.224312,False
-3.6685631,False
-4.0517273,False
-4.48166,False
-4.838675,False
-4.548689,False
-4.568698,False
-4.5041733,False
-4.3765945,False
-4.34493,False
-4.365819,False
-4.5486894,False
-4.8721156,False
-4.668413,False
-4.748568,False
-4.450513,False
-4.4893584,False
-4.2333403,False
-4.5781546,False
-4.415144,False
-4.8999763,False
-4.8914733,False
-4.6313744,False
-4.6786695,False
-4.5586295,False
-4.8143353,False
-4.8492713,False
-4.3601556,False
-4.439727,False
-4.3150444,False
-4.613508,False
-4.2997856,False
-4.216409,False
-4.0952177,False
-4.2542586,False
-4.3480062,False
-4.216028,False
-4.3065877,False
-4.092295,False
-4.2869244,False
-4.0415134,False
-4.330085,False
-4.4080634,False
-5.004253,False
-4.9700575,False
-4.9599586,False
-4.290714,False
-3.351555,False
-3.0895178,False
-2.9317791,False
-2.6349928,False
-2.5862594,False
-2.7368896,False
-3.1817849,False
-2.9088411,False
-3.5840132,False
-4.501232,False
-4.328256,False
-4.6680427,False
-4.6818495,False
-4.5959334,False
-4.3696594,False
-4.284658,False
-3.9261503,False
-4.1390095,False
-4.048786,False
-4.357356,False
-4.4730415,False
-4.445702,False
-4.28374,False
-4.6125956,False
-4.506422,False
-4.462977,False
-4.4540234,False
-4.49478,False
-4.441811,False
-4.1933417,False
-4.094055,False
-4.2145677,False
-4.350194,False
-4.2521443,False
-4.1991615,False
-4.3573422,False
-4.6972475,False
-4.5755463,False
-4.542008,False
-4.5198298,False
-4.4146914,False
-4.4705815,False
-4.2239027,False
-4.2522655,False
-4.017939,False
-3.4324126,False
-3.1539147,False
-3.4274988,False
-3.2998788,False
-4.1928067,False
-4.5936136,False
-4.0570874,False
-3.481629,False
-3.8622258,False
-3.6795282,False
-3.4784071,False
-4.0866137,False
-4.191119,False
-4.2821655,False
-5.254732,False
-3.7451634,False
-3.6567101,False
-3.5520828,False
-3.3897812,False
-3.381754,False
-3.3859434,False
-3.465508,False
-3.273314,False
-3.479475,False
-3.4839437,False
-3.3442678,False
-3.3222601,False
-3.3399646,False
-3.4812653,False
-3.5096943,False
-3.6304808,False
-3.4991524,False
-3.3789175,False
-3.7159345,False
-3.7200117,False
-2.9284637,False
-3.099095,False
-3.2588873,False
-3.3548267,False
-3.1705616,False
-3.2207866,False
-3.2846715,False
-3.0537457,False
-3.419921,False
-3.601242,False
-3.6872807,False
-3.2345467,False
-3.3218174,False
-3.5588663,False
-3.417817,False
-3.2884495,False
-3.1653042,False
-3.2046652,False
-3.5715716,False
-3.859075,False
-3.7316136,False
-3.7471616,False
-3.5187917,False
-3.4165297,False
-3.1944478,False
-3.5797322,False
-3.4162912,False
-3.4547503,False
-3.3928092,False
-3.5400767,False
-3.1858003,False
-2.8717818,False
-2.9006007,False
-3.339346,False
-3.1481373,False
-2.9663692,False
-2.8803468,False
-2.8931313,False
-3.178417,False
-3.5104225,False
-3.5473266,False
-3.659149,False
-3.375047,False
-3.2749648,False
-3.2647812,False
-2.940548,False
-2.836727,False
-2.8932755,False
-3.2318046,False
-3.1109567,False
-3.1255715,False
-3.391078,False
-3.136126,False
-3.0902576,False
-2.9546442,False
-2.8627667,False
-2.606637,False
-2.4347131,False
-2.652578,False
-2.6111827,False
-2.8953638,False
-3.0008261,False
-3.339596,False
-3.5780914,False
-3.5183485,False
-3.11267,False
-3.1767657,False
-2.9552605,False
-2.741833,False
-2.5278513,False
-3.028343,False
-3.0881188,False
-3.2125547,False
-3.1214623,False
-2.9147666,False
-2.8886793,False
-3.0332432,False
-2.922142,False
-3.0081236,False
-2.7973197,False
-2.853963,False
-2.9778864,False
-2.9094284,False
-2.899034,False
-2.9741383,False
-2.9752095,False
-3.1720438,False
-3.0955408,False
-3.5073688,False
-3.4538312,False
-2.966923,False
-2.975251,False
-2.8732994,False
-2.9830148,False
-2.9058058,False
-3.0953176,False
-3.2766225,False
-3.2916214,False
-3.1858284,False
-3.0943863,False
-3.2890353,False
-3.287358,False
-3.355784,False
-3.4587533,False
-3.3533094,False
-3.5369742,False
-3.683718,False
-3.492957,False
-3.2337615,False
-3.0849826,False
-3.3065217,False
-3.2334902,False
-3.1125298,False
-2.7996776,False
-2.727376,False
-3.1268027,False
-3.0949893,False
-3.1034753,False
-2.8964143,False
-3.2392986,False
-3.0440652,False
-2.8850338,False
-2.889683,False
-3.1559417,False
-3.2325928,False
-3.127917,False
-3.0119345,False
-2.5952623,False
-2.8088253,False
-2.9021614,False
-3.0562153,False
-2.82409,False
-2.8588889,False
-2.8899207,False
-3.185376,False
-3.184559,False
-2.8350816,False
-2.7110763,False
-2.9123874,False
-3.1093242,False
-3.410347,False
-3.5113304,False
-3.496878,False
-3.200733,False
-3.184703,False
-2.875685,False
-2.9067283,False
-2.9458013,False
-3.09571,False
-3.0869489,False
-2.9834979,False
-3.3310223,False
-2.91285,False
-3.0259473,False
-2.8068879,False
-2.7732463,False
-2.7594674,False
-2.8161244,False
-2.8911262,False
-2.8201766,False
-2.8453186,False
-3.0725138,False
-3.251955,False
-3.3861184,False
-3.3416271,False
-3.220879,False
-3.0891075,False
-3.262981,False
-3.005038,False
-2.7570455,False
-2.3984563,False
-2.545203,False
-2.8926234,False
-2.9762137,False
-3.2628658,False
-2.8647842,False
-3.0417843,False
-2.877134,False
-3.091536,False
-3.2227547,False
-3.1556718,False
-3.3811638,False
-3.1853502,False
-3.0961435,False
-3.0810866,False
-2.989157,False
-3.066227,False
-3.2003877,False
-3.2707536,False
-3.3024426,False
-3.1756797,False
-3.081113,False
-3.1208975,False
-3.2134333,False
-3.1631691,False
-3.1071904,False
-3.3814547,False
-3.1395981,False
-3.3398788,False
-3.3190491,False
-3.559121,False
-3.5610633,False
-3.1647396,False
-3.0798013,False
-2.9247196,False
-3.2828794,False
-3.075938,False
-2.9090195,False
-2.9421968,False
-3.12822,False
-3.256908,False
-3.138192,False
-3.015495,False
-2.813581,False
-2.5156372,False
-2.4422176,False
-2.6960146,False
-2.9816196,False
-3.0860984,False
-3.0959985,False
-2.9138007,False
-2.6260378,False
-2.3695276,False
-2.3704398,False
-2.6605897,False
-2.792477,False
-2.4873354,False
-2.744963,False
-2.7112257,False
-3.1242092,False
-3.1613822,False
-3.6022327,False
-2.8193014,False
-3.1407719,False
-3.4552724,False
-3.4091847,False
-3.4600089,False
-2.9176834,False
-2.617081,False
-2.9919713,False
-3.0132346,False
-3.3033001,False
-3.3782165,False
-3.2150147,False
-2.7276025,False
-2.6549542,False
-3.0651715,False
-3.4430687,False
-3.45448,False
-2.8841462,False
-2.5893633,False
-3.277669,False
-3.5253606,False
-3.1374052,False
-3.3476238,False
-2.698417,False
-3.0138636,False
-2.4974756,False
-3.1406772,False
-3.2705877,False
-3.3341162,False
-3.5198345,False
-3.0433316,False
-3.12938,False
-3.0783956,False
-3.281046,False
-3.229227,False
-3.1948113,False
-2.9290526,False
-2.9897068,False
-3.3782291,False
-3.4295266,False
-3.2831542,False
-3.2676213,False
-2.9490001,False
-3.0620024,False
-3.110336,False
-3.446276,False
-3.571943,False
-3.355391,False
-3.1089022,False
-3.1661875,False
-3.3350003,False
-3.3573685,False
-3.047997,False
-3.112681,False
-3.4054377,False
-3.3928895,False
-3.1509433,False
-2.9213762,False
-3.1217961,False
-3.0805025,False
-3.017352,False
-3.0804589,False
-3.6707644,False
-3.6154678,False
-3.1889768,False
-3.0655768,False
-3.3339126,False
-3.720221,False
-3.5065546,False
-3.5090413,False
-3.2438152,False
-2.826656,False
-2.7329233,False
-2.9443529,False
-3.2601168,False
-3.4111662,False
-3.9313536,False
-3.3460011,False
-2.7542758,False
-2.74196,False
-2.9153938,False
-3.6781535,False
-3.54026,False
-3.600358,False
-3.2084155,False
-3.0782163,False
-2.9736686,False
-3.707728,False
-3.4436858,False
-3.6738832,False
-3.39401,False
-3.5710893,False
-3.391531,False
-3.6044059,False
-3.4313574,False
-3.1322906,False
-3.0770643,False
-3.3522341,False
-3.5477364,False
-3.475417,False
-3.5849118,False
-3.6966126,False
-3.6729672,False
-3.3151634,False
-2.9036505,False
-3.692162,False
-3.620245,False
-3.708355,False
-3.37986,False
-3.5228634,False
-3.5258145,False
-3.7484891,False
-3.6104472,False
-3.5270002,False
-3.4649212,False
-3.6596687,False
-3.4357364,False
-3.446248,False
-3.59096,False
-3.7526164,False
-3.636199,False
-3.025431,False
-3.0097663,False
-3.216996,False
-3.3888001,False
-3.4045684,False
-3.49524,False
-3.350408,False
-3.6906178,False
-3.675439,False
-3.5393875,False
-3.0872333,False
-3.2873092,False
-3.1584837,False
-3.2458553,False
-3.315917,False
-3.4467247,False
-3.3258872,False
-3.3000693,False
-3.041576,False
-3.1051445,False
-3.09207,False
-3.2344139,False
-3.6834831,False
-3.239337,False
-3.4565587,False
-2.9007442,False
-3.1959183,False
-3.0028284,False
-3.4079084,False
-3.5056465,False
-3.384232,False
-3.419186,False
-3.553788,False
-3.6929457,False
-3.5002093,False
-3.482245,False
-3.3970091,False
-3.1904528,False
-3.149525,False
-3.2768478,False
-3.3238006,False
-3.8184996,False
-3.3625772,False
-3.2579286,False
-3.7067847,False
-3.5523562,False
-3.5069635,False
-3.14186,False
-3.0805457,False
-3.062784,False
-3.0931532,False
-3.2053766,False
-3.282049,False
-3.4344537,False
-3.430612,False
-3.2183325,False
-3.3753233,False
-3.5523098,False
-3.628881,False
-3.3754952,False
-3.3157365,False
-3.2023346,False
-2.9418957,False
-2.9503999,False
-2.7203367,False
-2.6295955,False
-2.89625,False
-3.190224,False
-3.1871407,False
-3.055105,False
-2.8122747,False
-3.09401,False
-3.0684395,False
-3.3383458,False
-3.1701155,False
-3.1965723,False
-3.14381,False
-3.0348618,False
-2.9904542,False
-2.5876396,False
-2.9611976,False
-3.1671143,False
-3.7671897,False
-3.418663,False
-3.3526871,False
-3.0062027,False
-3.0042899,False
-3.355511,False
-3.9729574,False
-3.7661643,False
-3.7713802,False
-3.7182198,False
-3.592113,False
-3.5394635,False
-3.3826,False
-3.4814947,False
-3.6758664,False
-3.943382,False
-4.236862,False
-4.434814,False
-4.174594,False
-3.8609133,False
-3.5525951,False
-3.8388526,False
-3.9712417,False
-3.9623942,False
-4.0733724,False
-3.902282,False
-3.599025,False
-3.4806225,False
-3.2249107,False
-3.0609636,False
-2.9222274,False
-3.2494707,False
-3.7184205,False
-3.848543,False
-4.114778,False
-4.019256,False
-4.110392,False
-3.8846073,False
-3.717111,False
-3.4881208,False
-3.4439354,False
-3.5972693,False
-3.222949,False
-3.3028812,False
-3.0713475,False
-3.866902,False
-4.1286774,False
-3.9619613,False
-3.6174846,False
-3.3251972,False
-3.2983754,False
-3.0051517,False
-3.213574,False
-3.419614,False
-3.6074479,False
-3.7328928,False
-3.5518181,False
-3.7323806,False
-4.018443,False
-3.8308983,False
-4.0631967,False
-4.252226,False
-3.9172254,False
-3.4833806,False
-3.3662894,False
-3.787256,False
-3.764155,False
-3.265528,False
-3.4354365,False
-3.4063659,False
-3.4453542,False
-3.2346184,False
-3.7912986,False
-3.9600928,False
-3.7343943,False
-3.5077534,False
-3.684428,False
-3.852317,False
-3.7255852,False
-4.117451,False
-3.816735,False
-3.75711,False
-3.1540394,False
-3.4488971,False
-3.3612554,False
-3.5806406,False
-3.211827,False
-3.2145083,False
-3.2819147,False
-3.3656983,False
-3.5983326,False
-3.76866,False
-3.0412807,False
-3.4056199,False
-3.889081,False
-3.9411902,False
-3.843128,False
-3.6724293,False
-3.6970055,False
-3.5084507,False
-3.0747802,False
-3.2030735,False
-3.3153982,False
-3.2299986,False
-3.5297031,False
-3.3453517,False
-3.321009,False
-3.6315796,False
-3.462128,False
-3.2586744,False
-2.9976416,False
-3.14702,False
-3.6358943,False
-3.4239535,False
-3.259064,False
-3.686973,False
-3.885718,False
-4.01934,False
-3.9710236,False
-3.26196,False
-3.6857321,False
-3.8421493,False
-3.9455757,False
-3.9935706,False
-3.852372,False
-3.8802376,False
-3.9060724,False
-3.7811363,False
-3.9545043,False
-3.7996898,False
-3.8534284,False
-3.8645737,False
-3.760229,False
-3.6510415,False
-3.4031186,False
-3.4245126,False
-3.6638858,False
-3.7128413,False
-3.9288943,False
-3.8007607,False
-3.8061094,False
-3.9322789,False
-4.0493164,False
-4.3530765,False
-4.1772475,False
-3.7291489,False
-3.5292635,False
-3.7637212,False
-4.146651,False
-3.7505414,False
-4.295645,False
-3.5620925,False
-3.5796254,False
-3.4248145,False
-3.4577603,False
-3.556415,False
-3.6342394,False
-3.8369224,False
-3.6517591,False
-3.5527961,False
-3.3558755,False
-3.7347755,False
-4.199464,False
-4.15768,False
-3.8711562,False
-3.5975556,False
-4.1199203,False
-3.9841938,False
-4.095678,False
-4.038838,False
-3.9198527,False
-3.2999582,False
-3.4716458,False
-3.6266658,False
-4.271012,False
-4.041024,False
-3.6773508,False
-3.5141602,False
-3.855916,False
-3.6968431,False
-3.883059,False
-3.9518683,False
-3.9993007,False
-4.0854297,False
-4.10185,False
-3.8683696,False
-3.4486969,False
-3.6212976,False
-3.7728274,False
-3.6753433,False
-3.3999324,False
-3.263211,False
-3.3163917,False
-3.523937,False
-3.4972084,False
-3.6000822,False
-3.6616833,False
-3.7884302,False
-3.564615,False
-3.9562676,False
-3.8909905,False
-3.8440578,False
-3.5656588,False
-3.689398,False
-3.7980328,False
-3.0869005,False
-3.6036367,False
-4.004227,False
-3.6490154,False
-3.3824244,False
-3.4662673,False
-3.4531906,False
-3.6341572,False
-3.906809,False
-3.8563833,False
-3.9671986,False
-3.6279678,False
-3.402237,False
-3.7234826,False
-3.5730898,False
-3.7648163,False
-3.5887907,False
-3.4514494,False
-3.396846,False
-3.3304646,False
-3.6832314,False
-3.783982,False
-3.922134,False
-3.875098,False
-3.634186,False
-3.6512318,False
-3.8527427,False
-3.7535756,False
-3.2756767,False
-3.456118,False
-3.5378542,False
-3.3705456,False
-3.1744726,False
-3.449942,False
-3.5207505,False
-3.9715676,False
-4.0464907,False
-3.8635314,False
-3.7468188,False
-3.4015212,False
-3.228077,False
-3.28009,False
-3.2668445,False
-3.333524,False
-2.8673866,False
-2.827961,False
-2.8045382,False
-3.173718,False
-3.3092134,False
-3.7718787,False
-3.786054,False
-3.4418235,False
-3.3480475,False
-3.3949974,False
-3.6449869,False
-3.31223,False
-3.6098697,False
-4.0147014,False
-3.9388912,False
-3.6420467,False
-3.2077553,False
-3.1868792,False
-3.4912128,False
-3.6111484,False
-3.9886906,False
-3.8902829,False
-3.8174841,False
-3.6655428,False
-3.7569227,False
-3.8340924,False
-4.1369133,False
-4.0470004,False
-3.9498463,False
-3.8831165,False
-3.6735542,False
-3.4653797,False
-2.9365594,False
-3.8720324,False
-3.2683175,False
-3.6600676,False
-2.8463423,False
-2.785853,False
-3.0762043,False
-2.7596111,False
-2.956586,False
-3.3599017,False
-3.604101,False
-3.6280737,False
-3.5881574,False
-3.1967869,False
-3.3810604,False
-3.5403328,False
-3.6403332,False
-3.5433319,False
-3.6508605,False
-3.636953,False
-3.7217815,False
-3.476528,False
-3.5022008,False
-3.5522406,False
-3.34858,False
-3.2281086,False
-3.268597,False
-3.413255,False
-2.9537036,False
-3.1023746,False
-3.4413788,False
-3.3070896,False
-3.0091932,False
-2.6847026,False
-3.0461202,False
-2.8862529,False
-3.1317177,False
-2.925678,False
-3.1250813,False
-3.1561265,False
-2.9287188,False
-3.2707694,False
-3.2350888,False
-3.3451293,False
-3.1891181,False
-3.1527839,False
-3.241015,False
-3.2687664,False
-3.3217895,False
-3.3481808,False
-3.5214093,False
-3.3885334,False
-3.2325962,False
-2.9928982,False
-3.2477963,False
-3.1743083,False
-2.9444432,False
-2.7152603,False
-2.729549,False
-2.953479,False
-2.927905,False
-3.2535377,False
-2.7781487,False
-2.8589087,False
-2.5470335,False
-2.6888454,False
-3.1640604,False
-3.7757018,False
-3.639205,False
-3.3853996,False
-3.487809,False
-3.640022,False
-3.5873573,False
-3.787534,False
-3.6623592,False
-4.014127,False
-3.8792353,False
-4.0791364,False
-3.7423158,False
-3.360864,False
-3.3323925,False
-3.237018,False
-3.2693684,False
-3.0339887,False
-3.011496,False
-2.9288745,False
-2.9902449,False
-3.2240582,False
-3.5370317,False
-3.3493311,False
-3.398015,False
-2.7909174,False
-3.0276482,False
-2.9212065,False
-3.1431904,False
-3.4758303,False
-3.679951,False
-3.675972,False
-3.3018143,False
-3.0315416,False
-2.871081,False
-3.2770064,False
-3.1306322,False
-3.0846574,False
-3.0950408,False
-3.4070115,False
-3.7402785,False
-3.4352553,False
-3.5157661,False
-3.2433743,False
-3.6909835,False
-3.2121882,False
-3.1875167,False
-3.083842,False
-3.011574,False
-3.1158187,False
-3.137631,False
-3.2788432,False
-3.3535967,False
-3.5282214,False
-3.8506746,False
-3.468168,False
-3.2034981,False
-3.1281826,False
-2.8682816,False
-3.325724,False
-3.478821,False
-3.5996158,False
-3.595985,False
-3.2216454,False
-2.9771864,False
-2.7086391,False
-2.8828185,False
-3.3770182,False
-3.405053,False
-3.5398605,False
-3.1412013,False
-3.184929,False
-2.808805,False
-2.4878783,False
-2.5602162,False
-2.8864696,False
-2.9206562,False
-3.0763435,False
-2.8493788,False
-2.5047133,False
-2.7291875,False
-2.6636705,False
-2.3153305,False
-2.5824304,False
-2.8627322,False
-3.004531,False
-2.9179587,False
-3.1235268,False
-3.0486898,False
-3.0794854,False
-2.702641,False
-2.3896685,False
-2.6465247,False
-2.8116205,False
-2.7196612,False
-2.4790456,False
-2.3443213,False
-2.5667114,False
-3.082888,False
-3.1200552,False
-3.1603298,False
-3.0366864,False
-3.0546005,False
-2.807606,False
-2.5304565,False
-2.9647386,False
-2.713136,False
-2.906277,False
-3.3438084,False
-3.4596565,False
-3.8831615,False
-3.924493,False
-3.4526765,False
-2.7129164,False
-2.864422,False
-3.0620346,False
-3.1626482,False
-3.218157,False
-3.2753348,False
-3.5397253,False
-3.6652403,False
-3.5928447,False
-3.4680686,False
-3.430196,False
-3.350285,False
-3.6100957,False
-3.1996665,False
-3.2364142,False
-3.422973,False
-3.1488845,False
-2.896874,False
-3.0348532,False
-3.4573991,False
-3.187891,False
-3.0864804,False
-3.2047935,False
-3.0380301,False
-2.9013755,False
-2.6876938,False
-3.0038476,False
-2.9729064,False
-2.9488692,False
-3.002699,False
-3.4589252,False
-3.535364,False
-3.5875661,False
-3.3248284,False
-3.2697947,False
-3.0174944,False
-3.1087499,False
-2.829014,False
-2.8621655,False
-2.911534,False
-3.0409875,False
-3.031466,False
-3.3542912,False
-3.4760406,False
-3.6889398,False
-3.5827184,False
-3.3697765,False
-3.2271607,False
-3.2737236,False
-3.3339732,False
-3.3629308,False
-3.5530207,False
-3.3092732,False
-3.4002728,False
-3.1984792,False
-3.041924,False
-3.137059,False
-3.3367784,False
-3.3740568,False
-3.4146004,False
-3.3625457,False
-3.5511026,False
-3.4044771,False
-3.1008906,False
-3.3354516,False
-3.137605,False
-2.8969898,False
-2.9853182,False
-3.2774575,False
-3.2489684,False
-2.4170694,False
-2.428798,False
-2.3678925,False
-2.727409,False
-2.6480918,False
-2.6396034,False
-2.8168383,False
-3.0708117,False
-3.1197886,False
-3.5327084,False
-3.28455,False
-3.4317305,False
-2.8685553,False
-2.794297,False
-3.0695856,False
-3.5208876,False
-3.647148,False
-3.2494857,False
-2.9582417,False
-2.7058382,False
-2.7897406,False
-3.4607005,False
-3.4053667,False
-3.6598399,False
-3.437217,False
-3.6359532,False
-2.8825688,False
-3.0664654,False
-3.025944,False
-3.3774867,False
-3.487891,False
-3.1919377,False
-3.3659542,False
-3.6990101,False
-3.6536763,False
-3.7461655,False
-4.019366,False
-3.9427865,False
-4.1610813,False
-3.7932713,False
-3.1164908,False
-3.2423267,False
-2.9457526,False
-3.4158752,False
-3.1976304,False
-3.0807724,False
-3.1010084,False
-3.6214294,False
-3.5580955,False
-3.2959943,False
-3.4155293,False
-3.0880191,False
-3.356478,False
-3.2511888,False
-3.6392038,False
-3.3405063,False
-3.4559317,False
-3.675234,False
-3.7216592,False
-3.6059005,False
-3.1233091,False
-2.843527,False
-2.943176,False
-2.6959093,False
-3.15224,False
-3.2008345,False
-3.2372463,False
-2.6380394,False
-2.9790368,False
-3.0238807,False
-2.981485,False
-3.254206,False
-3.119708,False
-3.2382045,False
-3.2430851,False
-3.393424,False
-2.5674956,False
-2.834007,False
-3.0083938,False
-3.0187078,False
-2.6471472,False
-2.7775447,False
-3.2091582,False
-3.3980985,False
-3.3205328,False
-3.0422847,False
-3.1299038,False
-3.368984,False
-3.4766104,False
-3.404442,False
-3.0775044,False
-3.3684957,False
-3.3030589,False
-3.4029453,False
-3.3524323,False
-3.0668113,False
-2.96223,False
-3.1235867,False
-3.2915857,False
-3.3925505,False
-2.9601483,False
-2.887004,False
-2.3620665,False
-2.8587143,False
-3.1881583,False
-3.578894,False
-3.4678001,False
-3.2860239,False
-3.4475455,False
-3.8004339,False
-3.658094,False
-3.6154714,False
-3.4648085,False
-3.4905527,False
-3.4772923,False
-3.8460515,False
-3.7651284,False
-3.5045712,False
-3.525112,False
-3.3021908,False
-3.4738066,False
-3.2727778,False
-3.471236,False
-3.6290033,False
-3.6264074,False
-3.400694,False
-3.281704,False
-3.5122933,False
-3.5031605,False
-3.5603027,False
-3.4365597,False
-3.7444017,False
-3.5669992,False
-3.5278955,False
-3.4884603,False
-3.6190505,False
-3.5408509,False
-3.3765473,False
-3.667128,False
-3.7881727,False
-3.3664205,False
-2.897151,False
-3.0450008,False
-3.1920168,False
-3.3841512,False
-3.246353,False
-3.4665034,False
-3.397935,False
-3.3788114,False
-3.7365177,False
-3.2897186,False
-3.0084393,False
-2.9729314,False
-3.306584,False
-2.931631,False
-3.2096355,False
-3.2741282,False
-3.5369632,False
-3.3201046,False
-3.1194355,False
-2.7500765,False
-2.0588014,False
-2.0417495,False
-2.1416814,False
-2.8358815,False
-3.0896857,False
-2.8585398,False
-2.7515075,False
-2.3813436,False
-2.1854296,False
-2.467523,False
-2.8988593,False
-3.3707619,False
-3.662369,False
-3.722541,False
-3.5196898,False
-3.2368355,False
-3.198078,False
-3.2940485,False
-3.5096426,False
-3.0679784,False
-3.229862,False
-3.0027025,False
-3.3732839,False
-3.0860398,False
-3.0517936,False
-2.8391678,False
-2.9086947,False
-2.7791154,False
-2.9786754,False
-3.0397081,False
-3.036021,False
-2.9771523,False
-2.9376297,False
-2.734267,False
-2.7867732,False
-3.170091,False
-3.5554457,False
-3.4389644,False
-3.8220322,False
-3.3498795,False
-3.388236,False
-3.947161,False
-4.0967636,False
-4.038881,False
-3.7781942,False
-4.118003,False
-4.298501,False
-4.165327,False
-3.77917,False
-3.7098198,False
-3.6304085,False
-3.740515,False
-3.5466564,False
-3.3069694,False
-3.090723,False
-3.2770624,False
-3.3855798,False
-3.225589,False
-2.9387553,False
-3.2657318,False
-3.2339647,False
-3.5561125,False
-3.5340593,False
-3.4262612,False
-3.204803,False
-3.3263948,False
-3.6641483,False
-3.5595737,False
-3.641773,False
-3.7501535,False
-3.6521587,False
-3.581055,False
-3.1159918,False
-3.040675,False
-3.224214,False
-3.600623,False
-3.9147172,False
-4.2279387,False
-4.3571553,False
-4.0444264,False
-3.6667192,False
-3.9027336,False
-3.5534766,False
-4.0281487,False
-3.427928,False
-3.033872,False
-3.553447,False
-3.7477005,False
-4.242604,False
-4.105656,False
-3.7953565,False
-3.4534636,False
-3.742825,False
-3.648614,False
-3.9074945,False
-4.116905,False
-3.6729977,False
-3.2835815,False
-3.259142,False
-3.3785675,False
-3.423291,False
-3.343007,False
-3.3757026,False
-3.0648441,False
-3.447354,False
-3.229063,False
-3.5263197,False
-3.470315,False
-3.5202827,False
-3.222438,False
-3.1061537,False
-2.973882,False
-3.1395366,False
-3.3315835,False
-3.5206878,False
-3.4683273,False
-3.5080483,False
-3.3700886,False
-3.3309774,False
-3.2784836,False
-3.4068758,False
-3.5589893,False
-3.4283328,False
-3.5438375,False
-3.5372186,False
-3.174864,False
-2.5865707,False
-2.7033966,False
-2.2530851,False
-2.4773543,False
-3.1536024,False
-3.1729476,False
-3.4369254,False
-3.1094227,False
-3.0657244,False
-2.9368997,False
-3.0843756,False
-2.797134,False
-2.594933,False
-2.7194242,False
-2.457378,False
-3.1643043,False
-3.4401114,False
-3.5628927,False
-3.4019566,False
-3.2000463,False
-2.939699,False
-3.1570663,False
-3.0105934,False
-2.6242445,False
-2.1389184,False
-2.6630292,False
-2.6720815,False
-2.9740283,False
-2.6254196,False
-2.5077128,False
-2.8161087,False
-3.0898,False
-3.3083313,False
-3.3780105,False
-3.349035,False
-3.0886872,False
-2.7105625,False
-2.2744071,False
-2.7740872,False
-2.7255335,False
-3.1810098,False
-3.2184136,False
-3.4769971,False
-2.8395383,False
-3.2686148,False
-2.629029,False
-2.3370006,False
-1.9651923,False
-2.2065673,False
-3.0839252,False
-2.7906132,False
-3.461101,False
-3.2597656,False
-3.2488148,False
-2.6885138,False
-2.1859486,False
-2.4509609,False
-2.8958511,False
-2.9733155,False
-2.7483943,False
-3.2953274,False
-3.2310143,False
-3.411767,False
-2.8297033,False
-2.800133,False
-3.1367972,False
-3.228743,False
-3.3950622,False
-3.1143472,False
-3.5160134,False
-3.147314,False
-3.36698,False
-3.235622,False
-2.7080462,False
-2.5941458,False
-3.0365558,False
-2.6298735,False
-2.5488634,False
-2.8522189,False
-2.9299085,False
-2.9622724,False
-3.0126815,False
-3.0922182,False
-3.4220421,False
-2.7908938,False
-2.0065813,False
-2.2486966,False
-2.9253879,False
-3.6310081,False
-3.5178077,False
-3.440702,False
-3.0234563,False
-2.9713008,False
-2.7602456,False
-3.1708603,False
-2.8405735,False
-3.0722177,False
-3.308586,False
-3.5689673,False
-3.0273008,False
-2.744833,False
-1.9332349,False
-2.2850735,False
-2.9612482,False
-2.9148655,False
-3.5580838,False
-3.8774714,False
-3.5612946,False
-2.7636166,False
-2.672377,False
-2.8040712,False
-2.369418,False
-2.1969104,False
-2.7650156,False
-2.9936726,False
-2.909918,False
-2.598758,False
-3.20231,False
-3.2559445,False
-3.178533,False
-2.8242264,False
-3.1166627,False
-3.427968,False
-3.1395478,False
-3.3142965,False
-3.095718,False
-3.3585503,False
-3.1690404,False
-2.7144716,False
-3.0426822,False
-2.7475245,False
-2.8971612,False
-2.447519,False
-2.1907146,False
-2.7850442,False
-2.6521199,False
-2.3767684,False
-2.525166,False
-3.068886,False
-3.5446763,False
-3.258521,False
-3.1012435,False
-2.9278238,False
-3.104283,False
-3.1126347,False
-3.3881326,False
-3.1386156,False
-3.2749102,False
-2.9505932,False
-2.3343058,False
-1.9550811,False
-2.2637775,False
-2.513058,False
-2.6931186,False
-2.680857,False
-3.0444827,False
-3.2564197,False
-3.211333,False
-2.8596818,False
-2.933493,False
-2.698861,False
-2.754502,False
-2.3444054,False
-2.3748071,False
-2.3639512,False
-2.8415926,False
-2.9383452,False
-3.4922984,False
-3.1211493,False
-3.6191587,False
-2.6006641,False
-1.9505188,False
-2.1786702,False
-2.360589,False
-2.593408,False
-2.8093982,False
-2.9419477,False
-3.0283651,False
-2.936369,False
-3.3072486,False
-3.0849462,False
-2.9834456,False
-2.7910776,False
-3.0328956,False
-3.1074812,False
-3.5520635,False
-3.3157523,False
-3.5315347,False
-3.4094875,False
-3.5797153,False
-3.5088975,False
-2.8479927,False
-1.8241376,False
-2.1728213,False
-2.4842296,False
-3.200753,False
-3.0195746,False
-3.0358834,False
-3.086229,False
-2.8244462,False
-2.4301012,False
-2.1611443,False
-2.634261,False
-2.8326206,False
-2.770807,False
-2.8066318,False
-2.3961968,False
-2.8258555,False
-2.984738,False
-2.8869362,False
-2.4749773,False
-2.736476,False
-2.5139754,False
-2.5411863,False
-2.2463272,False
-2.4710708,False
-2.4703226,False
-2.7748919,False
-3.0701911,False
-2.7276132,False
-2.6344378,False
-2.2174447,False
-2.8439085,False
-2.7245743,False
-2.4940917,False
-2.7899964,False
-3.1488626,False
-3.6633089,False
-3.5652194,False
-3.8088326,False
-3.5244083,False
-3.2356765,False
-3.0356998,False
-2.5783021,False
-2.033717,False
-2.1144278,False
-2.5065084,False
-3.2181497,False
-3.3369853,False
-3.3030891,False
-2.836593,False
-2.738399,False
-3.004522,False
-2.5485737,False
-2.1604412,False
-1.5762233,False
-2.1568773,False
-2.8752785,False
-3.5309696,False
-2.481527,False
-2.1584482,False
-2.33694,False
-3.5422332,False
-3.078273,False
-3.2210875,False
-2.626419,False
-3.5551183,False
-3.870106,False
-3.8990664,False
-3.435707,False
-3.9618278,False
-2.7574286,False
-2.3757443,False
-2.5081334,False
-3.2954786,False
-3.0707767,False
-3.1446497,False
-3.239753,False
-3.4575458,False
-3.0085304,False
-2.3613038,False
-2.763987,False
-2.7330334,False
-2.8355687,False
-2.6658304,False
-2.138294,False
-2.4106116,False
-2.8585312,False
-2.9447525,False
-2.9787989,False
-2.8750336,False
-2.676411,False
-3.0080514,False
-3.035716,False
-2.7600555,False
-2.8132834,False
-2.5531962,False
-2.7827032,False
-2.9578116,False
-2.8472798,False
-2.9089375,False
-2.949523,False
-2.6674888,False
-2.276653,False
-2.2986503,False
-2.321738,False
-2.4624176,False
-2.661514,False
-2.8355522,False
-2.895954,False
-2.6311557,False
-2.5163789,False
-2.7678344,False
-2.9749656,False
-3.204256,False
-2.947043,False
-2.7566552,False
-2.508064,False
-2.4034507,False
-2.3300939,False
-2.8314843,False
-3.1790123,False
-3.255034,False
-3.0707417,False
-3.4575076,False
-3.3518474,False
-2.866401,False
-2.9601128,False
-3.022598,False
-3.0855756,False
-2.7049098,False
-2.8519175,False
-2.4921334,False
-2.9950655,False
-2.7363741,False
-3.4865077,False
-2.9745123,False
-2.7753537,False
-3.028758,False
-3.2898471,False
-3.4360511,False
-3.0097523,False
-2.8452275,False
-2.8562906,False
-2.603206,False
-2.7980883,False
-2.4257631,False
-2.631344,False
-2.8367724,False
-3.0731273,False
-3.0911157,False
-3.0553565,False
-3.300527,False
-3.0761864,False
-3.1287065,False
-3.44591,False
-3.8319325,False
-3.6462958,False
-3.3156028,False
-2.7452998,False
-2.825155,False
-2.902314,False
-2.9130871,False
-2.6967866,False
-2.2490284,False
-2.5933533,False
-2.7317746,False
-2.8036726,False
-2.7251236,False
-2.7020388,False
-2.574215,False
-2.340513,False
-2.1256664,False
-2.3055367,False
-2.4295661,False
-2.7164032,False
-2.9124553,False
-3.108443,False
-3.3835452,False
-3.0812905,False
-3.0921695,False
-2.8325553,False
-3.5388541,False
-4.214356,False
-4.0881214,False
-3.4182365,False
-3.7112944,False
-3.6890814,False
-3.7589254,False
-3.8769262,False
-3.4980073,False
-2.9558585,False
-3.122608,False
-3.2227125,False
-3.5727541,False
-3.2674553,False
-3.322752,False
-3.1106703,False
-3.359145,False
-3.2729864,False
-2.9402087,False
-2.8076272,False
-3.1520536,False
-2.9893026,False
-2.7850895,False
-3.1556923,False
-2.6929293,False
-2.602405,False
-2.6505666,False
-2.757903,False
-2.759547,False
-2.5625174,False
-2.623335,False
-2.6851242,False
-2.7240732,False
-3.1084843,False
-3.1781802,False
-2.749424,False
-2.841596,False
-2.735442,False
-2.570098,False
-2.6424081,False
-2.5214348,False
-2.9086323,False
-2.983783,False
-2.7219133,False
-2.463734,False
-2.315179,False
-2.429493,False
-2.6280222,False
-2.867666,False
-2.9283366,False
-3.0521412,False
-2.9677522,False
-2.9149215,False
-3.082718,False
-2.7830057,False
-2.529702,False
-2.8433075,False
-2.771575,False
-2.7516122,False
-3.1519206,False
-3.0106406,False
-2.9027846,False
-2.5971317,False
-2.6224923,False
-2.514143,False
-2.7217805,False
-2.794583,False
-2.866671,False
-2.9854236,False
-3.1063387,False
-3.10266,False
-3.1822557,False
-3.3818247,False
-2.8910663,False
-3.3809552,False
-3.309404,False
-3.1535614,False
-2.7847672,False
-2.7836058,False
-2.432031,False
-2.5596998,False
-2.96478,False
-2.9438298,False
-2.43769,False
-2.885427,False
-2.5511777,False
-2.508216,False
-2.7080092,False
-3.3291664,False
-3.7897148,False
-3.4247637,False
-3.311567,False
-2.7318766,False
-2.7831736,False
-2.7477765,False
-2.5474458,False
-2.7702856,False
-3.0642524,False
-3.1236765,False
-3.296509,False
-3.2444391,False
-2.9100947,False
-2.9783285,False
-2.7650862,False
-2.9066117,False
-2.5082276,False
-2.3796632,False
-2.516533,False
-2.8166564,False
-3.229263,False
-3.4050841,False
-2.935597,False
-2.8702126,False
-2.568607,False
-2.6113684,False
-2.2268612,False
-3.3084943,False
-3.3213298,False
-3.3883226,False
-3.3281095,False
-3.0600357,False
-2.8865137,False
-3.39389,False
-3.65454,False
-3.667703,False
-3.0556507,False
-3.000393,False
-2.8288686,False
-2.8566203,False
-3.1082141,False
-3.2270837,False
-3.2996953,False
-3.2117229,False
-3.109363,False
-2.9360545,False
-2.9487553,False
-2.8035245,False
-2.9830146,False
-3.012565,False
-3.2987807,False
-2.392045,False
-2.4404304,False
-2.9037743,False
-2.836382,False
-2.7792158,False
-3.3672006,False
-3.3360977,False
-2.8650765,False
-3.121585,False
-3.118819,False
-2.7525883,False
-2.4402587,False
-3.1044822,False
-3.2668917,False
-3.1057723,False
-2.762021,False
-3.2349274,False
-3.273832,False
-3.1278536,False
-2.9818099,False
-3.2489157,False
-1.9736019,False
-2.472856,False
-2.5495288,False
-2.8433616,False
-3.1179712,False
-3.1048791,False
-2.8718624,False
-2.6056142,False
-2.9925935,False
-2.8732293,False
-2.6915855,False
-2.410917,False
-2.210419,False
-2.7167518,False
-2.730171,False
-3.1625936,False
-3.0814183,False
-3.250244,False
-2.8165731,False
-3.3981972,False
-2.9481516,False
-3.0189042,False
-3.2074144,False
-3.3182144,False
-3.4699783,False
-3.6040986,False
-2.8676386,False
-2.97825,False
-2.5581112,False
-3.577639,False
-2.9392562,False
-2.7886977,False
-2.7979143,False
-2.8292854,False
-2.9986348,False
-3.1278362,False
-3.3571546,False
-3.3180885,False
-2.9572809,False
-2.7319047,False
-2.6121576,False
-3.4074893,False
-3.491226,False
-3.134159,False
-2.9103062,False
-3.292358,False
-3.4992354,False
-3.6738808,False
-3.0750434,False
-2.9622738,False
-2.540536,False
-3.0396113,False
-2.9959764,False
-2.8310058,False
-2.5332541,False
-2.6676395,False
-2.7065177,False
-2.2568471,False
-2.404896,False
-2.6954026,False
-2.7251883,False
-2.7024019,False
-2.6778734,False
-2.8810484,False
-3.2032905,False
-3.0932543,False
-3.0334213,False
-2.762145,False
-2.4621751,False
-3.6664402,False
-2.556242,False
-2.9130778,False
-3.2063673,False
-2.8068562,False
-3.37151,False
-3.2192886,False
-2.7922518,False
-3.0037806,False
-3.1686819,False
-3.290772,False
-3.3511417,False
-3.072352,False
-2.944863,False
-3.372274,False
-3.413369,False
-3.2303855,False
-3.2690637,False
-2.0694144,False
-2.5478213,False
-2.3834467,False
-2.4634225,False
-2.4413693,False
-2.7234747,False
-2.4390233,False
-2.0730455,False
-2.4513628,False
-2.87534,False
-2.9794877,False
-2.9857302,False
-2.8515265,False
-3.0037584,False
-2.6263742,False
-2.8396149,False
-2.8554373,False
-2.7804153,False
-3.0130026,False
-2.9693656,False
-3.2825708,False
-3.1944773,False
-3.396227,False
-3.1651785,False
-3.0890706,False
-2.6518767,False
-3.0964441,False
-3.3207798,False
-3.7039702,False
-3.8329387,False
-3.89501,False
-3.6985054,False
-3.535911,False
-3.3678186,False
-3.3944175,False
-3.3051083,False
-3.1825328,False
-2.898871,False
-2.8583775,False
-2.8686328,False
-2.84294,False
-2.6353354,False
-2.9976819,False
-2.9188519,False
-3.15858,False
-3.276184,False
-3.2015202,False
-3.1689432,False
-3.2317102,False
-3.0822196,False
-2.9514952,False
-3.094714,False
-3.0869687,False
-3.1745446,False
-3.115281,False
-2.980392,False
-2.7743132,False
-2.0519762,False
-2.2114942,False
-2.2312157,False
-2.0073285,False
-2.2205536,False
-2.162431,False
-2.2778902,False
-2.0220976,False
-1.2027607,False
-1.8109986,False
-2.143192,False
-2.1926818,False
-2.80826,False
-3.0376465,False
-3.1351027,False
-2.5533435,False
-2.5404232,False
-2.906348,False
-3.1577237,False
-3.3384285,False
-3.4070132,False
-3.400956,False
-3.5937843,False
-3.4042666,False
-2.820812,False
-2.8985765,False
-3.242316,False
-3.1106312,False
-2.649618,False
-2.883018,False
-2.9775052,False
-3.1038697,False
-3.1086135,False
-3.4305878,False
-3.191911,False
-2.9838176,False
-3.3839478,False
-3.4015958,False
-2.9404938,False
-2.6301472,False
-2.689399,False
-2.8845034,False
-3.3544004,False
-3.4695477,False
-3.3931348,False
-2.8210733,False
-2.9188085,False
-2.3533514,False
-2.4087973,False
-2.1431992,False
-2.0032682,False
-3.1895726,False
-2.344259,False
-2.6708543,False
-3.1112053,False
-3.57883,False
-3.6416707,False
-2.0609164,False
-2.418806,False
-2.4433987,False
-2.4099524,False
-2.9611447,False
-3.2023866,False
-2.9522917,False
-2.7630386,False
-2.708178,False
-2.8166952,False
-2.8849213,False
-2.7264605,False
-2.5056098,False
-2.3044238,False
-2.9589386,False
-3.3159692,False
-3.256494,False
-3.6702979,False
-3.152822,False
-3.0322816,False
-2.7259295,False
-2.757482,False
-2.8627021,False
-2.9617352,False
-2.6635678,False
-2.6876574,False
-3.1205266,False
-2.3389783,False
-2.5437284,False
-2.3073735,False
-2.5168254,False
-2.6970704,False
-3.039796,False
-3.2988153,False
-3.1509054,False
-2.9416924,False
-3.4188616,False
-3.587755,False
-3.0995996,False
-3.4367905,False
-3.4423182,False
-3.8082738,False
-3.0770996,False
-3.3093157,False
-3.585958,False
-3.4404497,False
-3.634984,False
-3.3230236,False
-2.962776,False
-2.8444858,False
-2.8413131,False
-2.9563255,False
-3.0850866,False
-3.313062,False
-3.1912363,False
-3.228402,False
-3.5156949,False
-3.1559732,False
-3.155648,False
-2.9651825,False
-3.3065693,False
-3.8398032,False
-3.973924,False
-3.5349495,False
-2.5657983,False
-2.4036438,False
-2.7021723,False
-2.9591606,False
-2.3988254,False
-2.3340995,False
-3.2630806,False
-3.7918472,False
-3.6098428,False
-3.5918486,False
-3.4875767,False
-3.4791913,False
-3.3764284,False
-3.6186123,False
-3.1176088,False
-3.0290687,False
-2.9965584,False
-3.0790555,False
-3.1734936,False
-3.468617,False
-3.274908,False
-3.1069233,False
-3.306488,False
-3.6902645,False
-2.6212676,False
-2.6236951,False
-2.8387222,False
-3.2124765,False
-3.7698064,False
-3.257949,False
-2.9373472,False
-2.738124,False
-2.6939495,False
-2.5886617,False
-3.1380455,False
-3.2515688,False
-2.9157832,False
-3.0708892,False
-3.8711307,False
-3.6961393,False
-3.3044991,False
-3.0716686,False
-2.8893986,False
-2.6630383,False
-2.9337118,False
-2.8226233,False
-3.5046525,False
-3.3059132,False
-3.379138,False
-3.11807,False
-3.5443304,False
-3.6561449,False
-3.6327486,False
-3.37706,False
-3.219685,False
-3.4166849,False
-3.7312038,False
-3.7268028,False
-2.2786398,False
-2.6294339,False
-2.8161764,False
-2.6083224,False
-3.1244202,False
-3.3232448,False
-3.0897207,False
-2.968677,False
-3.4663155,False
-3.3295395,False
-3.4220462,False
-3.532562,False
-3.3637526,False
-3.2339032,False
-3.061753,False
-2.8791652,False
-3.596203,False
-3.453187,False
-3.2482996,False
-3.128335,False
-2.7367783,False
-2.2312012,False
-2.8102176,False
-3.1302629,False
-2.414888,False
-2.4702458,False
-2.4755566,False
-3.6363068,False
-3.243352,False
-3.2551036,False
-3.8820815,False
-3.3350098,False
-2.9763613,False
-3.5009809,False
-3.2513006,False
-3.0782473,False
-3.0338864,False
-3.2839038,False
-3.3814504,False
-3.466307,False
-3.4800959,False
-3.6453865,False
-3.2472334,False
-3.3815143,False
-3.6136003,False
-3.6141145,False
-3.0790932,False
-3.2593744,False
-3.3956082,False
-3.0460658,False
-2.8580797,False
-2.5229814,False
-2.7373111,False
-2.9961984,False
-2.6564713,False
-2.9561927,False
-2.7510145,False
-2.1990726,False
-2.874295,False
-3.1480565,False
-3.073388,False
-3.0929947,False
-2.8800054,False
-2.9036372,False
-2.679972,False
-3.5796862,False
-3.8316755,False
-3.409163,False
-3.3803205,False
-3.3763433,False
-3.2180483,False
-3.2356272,False
-2.9516091,False
-3.3137343,False
-2.9804425,False
-2.0790458,False
-2.0692897,False
-2.538627,False
-3.436946,False
-3.4855506,False
-3.5397034,False
-3.7275941,False
-3.7098784,False
-3.857115,False
-4.0441375,False
-2.5718355,False
-2.5134277,False
-2.5683,False
-2.757202,False
-3.5145571,False
-3.6062703,False
-2.7976773,False
-3.6176362,False
-3.2693672,False
-3.1833375,False
-3.0904593,False
-3.15533,False
-3.166592,False
-3.115534,False
-3.1262624,False
-3.052264,False
-3.0101705,False
-3.4293566,False
-3.4745002,False
-3.3483987,False
-3.0007994,False
-2.9290872,False
-2.685471,False
-2.7787547,False
-3.03027,False
-3.3883257,False
-3.0860987,False
-2.8610566,False
-3.009187,False
-3.4500132,False
-3.581047,False
-3.0288951,False
-3.0976737,False
-3.3928034,False
-3.6692748,False
-3.6646662,False
-3.3314207,False
-3.2251966,False
-3.2790356,False
-3.084523,False
-3.1618526,False
-2.91536,False
-2.4723268,False
-2.9775276,False
-3.200375,False
-3.3939204,False
-3.2742279,False
-3.3392658,False
-3.2031481,False
-3.3920639,False
-3.4569993,False
-3.1482153,False
-2.9769492,False
-3.277809,False
-3.5072968,False
-3.6876118,False
-3.2640555,False
-3.183488,False
-3.2141569,False
-2.8540475,False
-2.9897985,False
-2.6844783,False
-2.715961,False
-2.7701662,False
-3.1024008,False
-3.1521382,False
-3.1286316,False
-3.5176222,False
-3.049825,False
-2.6309834,False
-2.623561,False
-3.0204184,False
-3.7125983,False
-3.3323078,False
-3.432885,False
-3.6411335,False
-3.9341898,False
-3.90416,False
-3.5398464,False
-3.4066436,False
-3.8126657,False
-3.938751,False
-3.9588468,False
-3.7270966,False
-3.780378,False
-3.8742015,False
-3.8785357,False
-3.5998392,False
-3.2296715,False
-3.165826,False
-3.1804855,False
-3.616313,False
-3.3052118,False
-3.4662101,False
-3.3996732,False
-3.5294328,False
-3.2345617,False
-2.8509543,False
-3.020961,False
-3.2078962,False
-3.3287618,False
-3.06288,False
-3.2089875,False
-2.8982284,False
-3.2819388,False
-3.6864502,False
-3.3423157,False
-3.2548158,False
-3.7508368,False
-2.7847857,False
-2.9198692,False
-3.4137123,False
-3.392145,False
-3.7915995,False
-3.2233026,False
-3.1451209,False
-3.3495383,False
-3.2656415,False
-2.9388256,False
-3.0461433,False
-3.0251305,False
-3.166559,False
-3.4240263,False
-3.6061568,False
-3.7771962,False
-3.6100519,False
-3.5176334,False
-3.5963018,False
-3.6425188,False
-3.5626323,False
-3.3930342,False
-2.9026453,False
-2.6297128,False
-2.720715,False
-3.3426065,False
-3.3827055,False
-3.3326342,False
