"ident","ident_recorder","fold"
"JamesU - MustardBumbler/1_29/240903_1319","JamesU - MustardBumbler/1_29","JamesU - MustardBumbler_1_29"
"Lily - Fit+Fast/2023_R3_Marysville/53/230808_1208","Lily - Fit+Fast/2023_R3_Marysville/53","Lily - Fit+Fast_2023_R3_Marysville_53"
"Lily Adam - One Hive/recorders/willard/2024-08-07/1_11/240807_1016","Lily Adam - One Hive/recorders/willard/2024-08-07/1_11","Lily Adam - One Hive_recorders_willard_2024-08-07_1_11"
"Lily Adam - One Hive/recorders/wooster/2024-07-26/1_143/240726_1446","Lily Adam - One Hive/recorders/wooster/2024-07-26/1_143","Lily Adam - One Hive_recorders_wooster_2024-07-26_1_143"
"Luke - Diel Drivers/2026-04-08/1_150/260408_1942","Luke - Diel Drivers/2026-04-08/1_150","Luke - Diel Drivers_2026-04-08_1_150"
"Luke - Diel Drivers/2026-05-06/1_95/260506_1924","Luke - Diel Drivers/2026-05-06/1_95","Luke - Diel Drivers_2026-05-06_1_95"
"Luke - Various Opportunistic Recordings/2025-07-03/1_37/250703_1635","Luke - Various Opportunistic Recordings/2025-07-03/1_37","Luke - Various Opportunistic Recordings_2025-07-03_1_37"
"Luke - Various Opportunistic Recordings/2025-08-05/31/250805_1247","Luke - Various Opportunistic Recordings/2025-08-05/31","Luke - Various Opportunistic Recordings_2025-08-05_31"
"Luke - Various Opportunistic Recordings/2025-08-27/48/250827_1828","Luke - Various Opportunistic Recordings/2025-08-27/48","Luke - Various Opportunistic Recordings_2025-08-27_48"
