"source","ident","fold"
"2025-06-04 original annotations","Chia - Bee Audio 2022 Original/7-13-22_SouthCharleston/1/220713_0941_01","validate"
"2025-06-04 original annotations","Chia - Bee Audio 2022 Original/7-13-22_SouthCharleston/1/220715_1123","validate"
"2025-06-04 original annotations","Chia - Bee Audio 2022 Original/7-13-22_SouthCharleston/2/220713_0943","validate"
"2025-06-04 original annotations","Chia - Bee Audio 2022 Original/7-13-22_SouthCharleston/2/220715_1125","validate"
"2025-06-04 original annotations","Chia - Bee Audio 2022 Original/7-13-22_SouthCharleston/3/220713_0944","validate"
"2025-06-04 original annotations","Chia - Bee Audio 2022 Original/7-13-22_SouthCharleston/3/220715_1127","validate"
"2025-06-04 original annotations","Chia - Bee Audio 2022 Original/7-13-22_SouthCharleston/4/220713_0946","validate"
"2025-06-04 original annotations","Chia - Bee Audio 2022 Original/7-13-22_SouthCharleston/4/220715_1128","validate"
"2025-06-04 original annotations","Chia - Bee Audio 2022 Original/7-13-22_SouthCharleston/5/220713_0947","validate"
"2025-06-04 original annotations","Chia - Bee Audio 2022 Original/7-13-22_SouthCharleston/5/220715_1130","validate"
"2025-06-04 original annotations","Chia - Bee Audio 2022 Original/7-13-22_SouthCharleston/6/220713_0948","validate"
"2025-06-04 original annotations","Chia - Bee Audio 2022 Original/7-13-22_SouthCharleston/6/220715_1131","validate"
"2025-06-04 original annotations","Chia - Bee Audio 2022 Original/7-13-22_SouthCharleston/7/220713_0951","validate"
"2025-06-04 original annotations","Chia - Bee Audio 2022 Original/7-13-22_SouthCharleston/7/220715_1134","validate"
"2025-06-04 original annotations","Chia - Bee Audio 2022 Original/7-13-22_SouthCharleston/8/220713_0953","train"
"2025-06-04 original annotations","Chia - Bee Audio 2022 Original/7-13-22_SouthCharleston/8/220715_1135","validate"
"2025-06-04 original annotations","Chia - OSPT/2022/2022-07-26/10/220726_1209","validate"
"2025-06-04 original annotations","Chia - OSPT/2022/2022-07-26/14/220726_1202","validate"
"2025-06-04 original annotations","Chia - OSPT/2022/2022-07-26/15/220728_1403","validate"
"2025-06-04 original annotations","Chia - OSPT/2022/2022-07-26/17/220725_1311","validate"
"2025-06-04 original annotations","Chia - OSPT/2022/2022-07-26/18/220725_1319","validate"
"2025-06-04 original annotations","Chia - OSPT/2022/2022-07-26/18/220727_1501","validate"
"2025-06-04 original annotations","Chia - OSPT/2022/2022-07-26/23/220727_1453","validate"
"2025-06-04 original annotations","Chia - OSPT/2022/2022-07-26/25/220725_1324","validate"
"2025-06-04 original annotations","Chia - OSPT/2022/2022-07-26/25/220727_1507","validate"
"2025-06-04 original annotations","Chia - OSPT/2022/2022-07-26/29/220725_1321","validate"
"2025-06-04 original annotations","Chia - OSPT/2022/2022-08-02/11/220802_1058","train"
"2025-06-04 original annotations","Chia - OSPT/2022/2022-08-02/13/220802_1108","train"
"2025-06-04 original annotations","Chia - OSPT/2022/2022-08-02/13/220806_1432","train"
"2025-06-04 original annotations","Chia - OSPT/2022/2022-08-02/20/220802_1056","train"
"2025-06-04 original annotations","Chia - OSPT/2022/2022-08-02/22/220804_1241","train"
"2025-06-04 original annotations","Chia - OSPT/2022/2022-08-02/23/220802_1047","train"
"2025-06-04 original annotations","Chia - OSPT/2022/2022-08-02/29/220802_1102","train"
"2025-06-04 original annotations","Chia - OSPT/2022/2022-08-02/29/220804_1244","train"
"2025-06-04 original annotations","Chia - OSPT/2022/2022-08-02/32/220804_1227","train"
"2025-06-04 original annotations","Chia_Lin - Soybean on-farm spray audios/2023-07-25 Combs Sabine-Bigelow/14/230725_1202","validate"
"2025-06-04 original annotations","Chia_Lin - Soybean on-farm spray audios/2023-07-25 Combs Sabine-Bigelow/14/230727_1344","validate"
"2025-06-04 original annotations","Chia_Lin - Soybean on-farm spray audios/2023-07-25 Combs Sabine-Bigelow/14/230730_1621","validate"
"2025-06-04 original annotations","Chia_Lin - Soybean on-farm spray audios/2023-07-25 Combs Sabine-Bigelow/14/230801_1803","validate"
"2025-06-04 original annotations","Chia_Lin - Soybean on-farm spray audios/2023-07-25 Combs Sabine-Bigelow/23/230725_1159","train"
"2025-06-04 original annotations","Chia_Lin - Soybean on-farm spray audios/2023-07-25 Combs Sabine-Bigelow/23/230727_1341","validate"
"2025-06-04 original annotations","Chia_Lin - Soybean on-farm spray audios/2023-07-25 Combs Sabine-Bigelow/23/230730_1624","validate"
"2025-06-04 original annotations","Chia_Lin - Soybean on-farm spray audios/2023-07-25 Combs Sabine-Bigelow/23/230801_1806","validate"
"2025-06-04 original annotations","Chia_Lin - Soybean on-farm spray audios/2023-07-30 FSR/29/230730_1704","train"
"2025-06-04 original annotations","Chia_Lin - Soybean on-farm spray audios/2023-07-30 FSR/29/230801_1846","train"
"2025-06-04 original annotations","Chia_Lin - Soybean on-farm spray audios/2023-07-30 FSR/3/230730_1704","train"
"2025-06-04 original annotations","Chia_Lin - Soybean on-farm spray audios/2023-07-30 FSR/3/230801_1847","train"
"2025-06-04 original annotations","Karlan Forrester - Soybean Attractiveness/A11/4/210721_0949","validate"
"2025-06-04 original annotations","Karlan Forrester - Soybean Attractiveness/A11/4/210723_1131","validate"
"2025-06-04 original annotations","Karlan Forrester - Soybean Attractiveness/A11/4/210726_1007","validate"
"2025-06-04 original annotations","Karlan Forrester - Soybean Attractiveness/A11/4/210728_1150","validate"
"2025-06-04 original annotations","Karlan Forrester - Soybean Attractiveness/A11/4/210805_0819","validate"
"2025-06-04 original annotations","Karlan Forrester - Soybean Attractiveness/A11/4/210807_1001","validate"
"2025-06-04 original annotations","Karlan Forrester - Soybean Attractiveness/C9-16/4/210721_0910","train"
"2025-06-04 original annotations","Karlan Forrester - Soybean Attractiveness/C9-16/4/210723_1052","train"
"2025-06-04 original annotations","Karlan Forrester - Soybean Attractiveness/C9-16/4/210726_0933","train"
"2025-06-04 original annotations","Karlan Forrester - Soybean Attractiveness/C9-16/4/210728_1115","train"
"2025-06-04 original annotations","Karlan Forrester - Soybean Attractiveness/C9-16/4/210805_0743","train"
"2025-06-04 original annotations","Karlan Forrester - Soybean Attractiveness/C9-16/4/210807_0925","train"
"2025-06-04 original annotations","Karlan Forrester - Soybean Attractiveness/EBN/4/210721_0930","train"
"2025-06-04 original annotations","Karlan Forrester - Soybean Attractiveness/EBN/4/210723_1112","train"
"2025-06-04 original annotations","Karlan Forrester - Soybean Attractiveness/EBN/4/210726_0950","train"
"2025-06-04 original annotations","Karlan Forrester - Soybean Attractiveness/EBN/4/210728_1132","train"
"2025-06-04 original annotations","Karlan Forrester - Soybean Attractiveness/EBN/4/210805_0800","train"
"2025-06-04 original annotations","Karlan Forrester - Soybean Attractiveness/L6-8/4/210721_0855","train"
"2025-06-04 original annotations","Karlan Forrester - Soybean Attractiveness/L6-8/4/210723_1038","train"
"2025-06-04 original annotations","Karlan Forrester - Soybean Attractiveness/L6-8/4/210726_0918","train"
"2025-06-04 original annotations","Karlan Forrester - Soybean Attractiveness/L6-8/4/210728_1100","train"
"2025-06-04 original annotations","Karlan Forrester - Soybean Attractiveness/L6-8/4/210805_0726","train"
"2025-06-04 original annotations","Karlan Forrester - Soybean Attractiveness/L6-8/4/210807_0908","train"
"2025-06-06 even sample","Lily - Fit+Fast/2023_R3_ClintonCounty/12/230801_1307","train"
"2025-06-07 night detections","Chia - Bee Audio 2022 Original/7-13-22_SouthCharleston/8/220713_0953","train"
"2025-06-07 night detections","Chia - Bee Audio 2022 Original/7-19-22_WestManchester/10/220721_1123","train"
"2025-06-07 night detections","Chia - Bee Audio 2022 Original/7-19-22_WestManchester/16/220721_1135","train"
"2025-06-07 night detections","Chia - Bee Audio 2022 Original/7-19-22_Wilmington/5/220721_1339","train"
"2025-06-07 night detections","Chia - Bee Audio 2022 Original/7-19-22_Wilmington/7/220721_1341","train"
"2025-06-07 night detections","Chia - Bee Audio 2022 Original/8-18-2022_Wilmington/5/220818_1114","train"
"2025-06-07 night detections","Chia - Bee Audio 2022 Original/8-18-2022_Wilmington/6/220818_1113","train"
"2025-06-07 night detections","Chia - Bee Audio 2022 Original/8-18-2022_Wilmington/8/220822_1442","train"
"2025-06-07 night detections","Chia - Bee Audio 2022 Original/8-3-22_SouthCharleston/1/220805_1044","train"
"2025-06-07 night detections","Chia - Bee Audio 2022 Original/8-3-22_SouthCharleston/4/220803_0906","train"
"2025-06-07 night detections","Chia - Bee Audio 2022 Original/8-8-22_Marysville/2/220808_1342","train"
"2025-06-07 night detections","Chia - Bee Audio 2022 Original/8-8-22_Marysville/8/220810_1529","train"
"2025-06-07 night detections","Chia_Lin - Soybean on-farm spray audios/2023-07-25 Combs Sabine-Bigelow/23/230725_1159","train"
"2025-06-07 night detections","Chia_Lin - Soybean on-farm spray audios/2023-07-30 FSR/29/230730_1704","train"
"2025-06-07 night detections","Chia_Lin - Soybean on-farm spray audios/2023-07-30 FSR/3/230730_1704","train"
"2025-06-07 night detections","Karlan Forrester - Soybean Attractiveness/A11/1/210723_1133","train"
"2025-06-07 night detections","Karlan Forrester - Soybean Attractiveness/A11/2/210723_1133","train"
"2025-06-07 night detections","Karlan Forrester - Soybean Attractiveness/C9-16/1/210805_0739","train"
"2025-06-07 night detections","Karlan Forrester - Soybean Attractiveness/C9-16/4/210823_1908","train"
"2025-06-07 night detections","Karlan Forrester - Soybean Attractiveness/EBN/1/210726_0953","train"
"2025-06-07 night detections","Karlan Forrester - Soybean Attractiveness/L6-8/1/210723_1039","train"
"2025-06-07 night detections","Karlan Forrester - Soybean Attractiveness/L6-8/2/210723_1038","train"
"2025-06-11 Lilian Dicentra","Lilian Martin - Dicentra/BTW/1_103/250415_1209","train"
"2025-06-11 Lilian Dicentra","Lilian Martin - Dicentra/BTW/52/250415_1210","train"
"2025-06-11 Lilian Dicentra","Lilian Martin - Dicentra/SH/1_144/250415_1124","train"
"2025-06-11 Lilian Dicentra","Lilian Martin - Dicentra/SH/1_87/250415_1130","train"
"2025-06-24 InsectSound1000","InsectSound1000/Bombus_terrestris/2023510-16-19/000034/2023510-16-19_Bombus_terrestris_000034_s13_ch0","train"
"2025-06-24 InsectSound1000","InsectSound1000/Bombus_terrestris/2023510-16-19/000034/2023510-16-19_Bombus_terrestris_000034_s85_ch0","train"
"2025-06-24 InsectSound1000","InsectSound1000/Bombus_terrestris/2023510-16-19/000034/2023510-16-19_Bombus_terrestris_000034_s95_ch0","train"
"2025-06-24 InsectSound1000","InsectSound1000/Coccinella_septempunctata/2023418-15-24/000000/2023418-15-24_Coccinella_septempunctata_000000_s10_ch0","train"
"2025-06-24 InsectSound1000","InsectSound1000/Coccinella_septempunctata/2023418-15-24/000000/2023418-15-24_Coccinella_septempunctata_000000_s11_ch0","train"
"2025-06-24 InsectSound1000","InsectSound1000/Coccinella_septempunctata/2023418-15-24/000000/2023418-15-24_Coccinella_septempunctata_000000_s12_ch0","train"
"2025-06-24 InsectSound1000","InsectSound1000/Coccinella_septempunctata/2023418-15-24/000000/2023418-15-24_Coccinella_septempunctata_000000_s13_ch0","train"
"2025-06-24 InsectSound1000","InsectSound1000/Coccinella_septempunctata/2023418-15-24/000000/2023418-15-24_Coccinella_septempunctata_000000_s14_ch0","train"
"2025-06-24 InsectSound1000","InsectSound1000/Coccinella_septempunctata/2023418-15-24/000000/2023418-15-24_Coccinella_septempunctata_000000_s15_ch0","train"
"2025-06-24 InsectSound1000","InsectSound1000/Coccinella_septempunctata/2023418-15-24/000000/2023418-15-24_Coccinella_septempunctata_000000_s16_ch0","train"
"2025-06-24 InsectSound1000","InsectSound1000/Coccinella_septempunctata/2023418-15-24/000000/2023418-15-24_Coccinella_septempunctata_000000_s17_ch0","train"
"2025-06-24 InsectSound1000","InsectSound1000/Coccinella_septempunctata/2023418-15-24/000000/2023418-15-24_Coccinella_septempunctata_000000_s18_ch0","train"
"2025-06-24 InsectSound1000","InsectSound1000/Coccinella_septempunctata/2023418-15-24/000000/2023418-15-24_Coccinella_septempunctata_000000_s19_ch0","train"
"2025-06-24 InsectSound1000","InsectSound1000/Coccinella_septempunctata/2023418-15-24/000000/2023418-15-24_Coccinella_septempunctata_000000_s1_ch0","train"
"2025-06-24 InsectSound1000","InsectSound1000/Coccinella_septempunctata/2023418-15-24/000000/2023418-15-24_Coccinella_septempunctata_000000_s20_ch0","train"
"2025-06-24 InsectSound1000","InsectSound1000/Coccinella_septempunctata/2023418-15-24/000000/2023418-15-24_Coccinella_septempunctata_000000_s21_ch0","train"
"2025-06-24 InsectSound1000","InsectSound1000/Coccinella_septempunctata/2023418-15-24/000000/2023418-15-24_Coccinella_septempunctata_000000_s22_ch0","train"
"2025-06-24 InsectSound1000","InsectSound1000/Coccinella_septempunctata/2023418-15-24/000000/2023418-15-24_Coccinella_septempunctata_000000_s23_ch0","train"
"2025-06-24 InsectSound1000","InsectSound1000/Coccinella_septempunctata/2023418-15-24/000000/2023418-15-24_Coccinella_septempunctata_000000_s24_ch0","train"
"2025-06-24 InsectSound1000","InsectSound1000/Coccinella_septempunctata/2023418-15-24/000000/2023418-15-24_Coccinella_septempunctata_000000_s25_ch0","train"
"2025-06-24 InsectSound1000","InsectSound1000/Coccinella_septempunctata/2023418-15-24/000000/2023418-15-24_Coccinella_septempunctata_000000_s26_ch0","train"
"2025-06-24 InsectSound1000","InsectSound1000/Coccinella_septempunctata/2023418-15-24/000000/2023418-15-24_Coccinella_septempunctata_000000_s27_ch0","train"
"2025-06-24 InsectSound1000","InsectSound1000/Coccinella_septempunctata/2023418-15-24/000000/2023418-15-24_Coccinella_septempunctata_000000_s28_ch0","train"
"2025-06-24 InsectSound1000","InsectSound1000/Coccinella_septempunctata/2023418-15-24/000000/2023418-15-24_Coccinella_septempunctata_000000_s29_ch0","train"
"2025-06-24 InsectSound1000","InsectSound1000/Coccinella_septempunctata/2023418-15-24/000000/2023418-15-24_Coccinella_septempunctata_000000_s2_ch0","train"
"2025-06-24 InsectSound1000","InsectSound1000/Coccinella_septempunctata/2023418-15-24/000000/2023418-15-24_Coccinella_septempunctata_000000_s30_ch0","train"
"2025-06-24 InsectSound1000","InsectSound1000/Coccinella_septempunctata/2023418-15-24/000000/2023418-15-24_Coccinella_septempunctata_000000_s31_ch0","train"
"2025-06-24 InsectSound1000","InsectSound1000/Coccinella_septempunctata/2023418-15-24/000000/2023418-15-24_Coccinella_septempunctata_000000_s32_ch0","train"
"2025-06-24 InsectSound1000","InsectSound1000/Coccinella_septempunctata/2023418-15-24/000000/2023418-15-24_Coccinella_septempunctata_000000_s33_ch0","train"
"2025-06-24 InsectSound1000","InsectSound1000/Coccinella_septempunctata/2023418-15-24/000000/2023418-15-24_Coccinella_septempunctata_000000_s34_ch0","train"
"2025-06-24 InsectSound1000","InsectSound1000/Coccinella_septempunctata/2023418-15-24/000000/2023418-15-24_Coccinella_septempunctata_000000_s35_ch0","train"
"2025-06-24 InsectSound1000","InsectSound1000/Coccinella_septempunctata/2023418-15-24/000000/2023418-15-24_Coccinella_septempunctata_000000_s36_ch0","train"
"2025-06-24 InsectSound1000","InsectSound1000/Coccinella_septempunctata/2023418-15-24/000000/2023418-15-24_Coccinella_septempunctata_000000_s37_ch0","train"
"2025-06-24 InsectSound1000","InsectSound1000/Coccinella_septempunctata/2023418-15-24/000000/2023418-15-24_Coccinella_septempunctata_000000_s38_ch0","train"
"2025-06-24 InsectSound1000","InsectSound1000/Coccinella_septempunctata/2023418-15-24/000000/2023418-15-24_Coccinella_septempunctata_000000_s39_ch0","train"
"2025-06-24 InsectSound1000","InsectSound1000/Coccinella_septempunctata/2023418-15-24/000000/2023418-15-24_Coccinella_septempunctata_000000_s3_ch0","train"
"2025-06-24 InsectSound1000","InsectSound1000/Coccinella_septempunctata/2023418-15-24/000000/2023418-15-24_Coccinella_septempunctata_000000_s40_ch0","train"
"2025-06-24 InsectSound1000","InsectSound1000/Coccinella_septempunctata/2023418-15-24/000000/2023418-15-24_Coccinella_septempunctata_000000_s41_ch0","train"
"2025-06-24 InsectSound1000","InsectSound1000/Coccinella_septempunctata/2023418-15-24/000000/2023418-15-24_Coccinella_septempunctata_000000_s42_ch0","train"
"2025-06-24 InsectSound1000","InsectSound1000/Coccinella_septempunctata/2023418-15-24/000000/2023418-15-24_Coccinella_septempunctata_000000_s43_ch0","train"
"2025-06-24 InsectSound1000","InsectSound1000/Coccinella_septempunctata/2023418-15-24/000000/2023418-15-24_Coccinella_septempunctata_000000_s44_ch0","train"
"2025-06-24 InsectSound1000","InsectSound1000/Coccinella_septempunctata/2023418-15-24/000000/2023418-15-24_Coccinella_septempunctata_000000_s45_ch0","train"
"2025-06-24 InsectSound1000","InsectSound1000/Coccinella_septempunctata/2023418-15-24/000000/2023418-15-24_Coccinella_septempunctata_000000_s46_ch0","train"
"2025-06-24 InsectSound1000","InsectSound1000/Coccinella_septempunctata/2023418-15-24/000000/2023418-15-24_Coccinella_septempunctata_000000_s47_ch0","train"
"2025-06-24 InsectSound1000","InsectSound1000/Coccinella_septempunctata/2023418-15-24/000000/2023418-15-24_Coccinella_septempunctata_000000_s48_ch0","train"
"2025-06-24 InsectSound1000","InsectSound1000/Coccinella_septempunctata/2023418-15-24/000000/2023418-15-24_Coccinella_septempunctata_000000_s49_ch0","train"
"2025-06-24 InsectSound1000","InsectSound1000/Coccinella_septempunctata/2023418-15-24/000000/2023418-15-24_Coccinella_septempunctata_000000_s4_ch0","train"
"2025-06-24 InsectSound1000","InsectSound1000/Coccinella_septempunctata/2023418-15-24/000000/2023418-15-24_Coccinella_septempunctata_000000_s50_ch0","train"
"2025-06-24 InsectSound1000","InsectSound1000/Coccinella_septempunctata/2023418-15-24/000000/2023418-15-24_Coccinella_septempunctata_000000_s51_ch0","train"
"2025-06-24 InsectSound1000","InsectSound1000/Coccinella_septempunctata/2023418-15-24/000000/2023418-15-24_Coccinella_septempunctata_000000_s52_ch0","train"
"2025-06-24 InsectSound1000","InsectSound1000/Coccinella_septempunctata/2023418-15-24/000000/2023418-15-24_Coccinella_septempunctata_000000_s53_ch0","train"
"2025-06-24 InsectSound1000","InsectSound1000/Coccinella_septempunctata/2023418-15-24/000000/2023418-15-24_Coccinella_septempunctata_000000_s54_ch0","train"
"2025-06-24 InsectSound1000","InsectSound1000/Coccinella_septempunctata/2023419-16-19/000060/2023419-16-19_Coccinella_septempunctata_000060_s88_ch0","train"
"2025-06-24 InsectSound1000","InsectSound1000/Coccinella_septempunctata/2023420-16-9/000045/2023420-16-9_Coccinella_septempunctata_000045_s41_ch1","train"
"2025-06-24 InsectSound1000","InsectSound1000/Coccinella_septempunctata/2023420-16-9/000017/2023420-16-9_Coccinella_septempunctata_000017_s17_ch1","train"
"2025-06-24 InsectSound1000","InsectSound1000/Coccinella_septempunctata/2023420-16-9/000006/2023420-16-9_Coccinella_septempunctata_000006_s14_ch0","train"
"2025-06-24 InsectSound1000","InsectSound1000/Coccinella_septempunctata/2023420-16-9/000040/2023420-16-9_Coccinella_septempunctata_000040_s12_ch0","train"
"2025-06-24 InsectSound1000","InsectSound1000/Coccinella_septempunctata/2023419-16-19/000022/2023419-16-19_Coccinella_septempunctata_000022_s94_ch0","train"
"2025-06-24 InsectSound1000","InsectSound1000/Coccinella_septempunctata/2023420-16-9/000057/2023420-16-9_Coccinella_septempunctata_000057_s15_ch3","train"
"2025-06-24 InsectSound1000","InsectSound1000/Coccinella_septempunctata/2023425-16-22/000051/2023425-16-22_Coccinella_septempunctata_000051_s15_ch0","train"
"2025-06-24 InsectSound1000","InsectSound1000/Coccinella_septempunctata/2023419-16-19/000027/2023419-16-19_Coccinella_septempunctata_000027_s17_ch0","train"
"2025-06-24 InsectSound1000","InsectSound1000/Coccinella_septempunctata/2023419-16-19/000043/2023419-16-19_Coccinella_septempunctata_000043_s16_ch0","train"
"2025-06-24 InsectSound1000","InsectSound1000/Coccinella_septempunctata/2023419-16-19/000055/2023419-16-19_Coccinella_septempunctata_000055_s8_ch0","train"
"2025-06-24 InsectSound1000","InsectSound1000/Coccinella_septempunctata/2023419-16-19/000067/2023419-16-19_Coccinella_septempunctata_000067_s79_ch0","train"
"2025-06-24 InsectSound1000","InsectSound1000/Coccinella_septempunctata/2023424-16-23/000062/2023424-16-23_Coccinella_septempunctata_000062_s28_ch0","train"
"2025-06-24 InsectSound1000","InsectSound1000/Coccinella_septempunctata/2023420-16-9/000056/2023420-16-9_Coccinella_septempunctata_000056_s61_ch0","train"
"2025-06-24 InsectSound1000","InsectSound1000/Coccinella_septempunctata/2023420-16-9/000037/2023420-16-9_Coccinella_septempunctata_000037_s100_ch1","train"
"2025-06-24 InsectSound1000","InsectSound1000/Coccinella_septempunctata/2023419-16-19/000060/2023419-16-19_Coccinella_septempunctata_000060_s92_ch0","train"
"2025-06-24 InsectSound1000","InsectSound1000/Coccinella_septempunctata/2023419-16-19/000061/2023419-16-19_Coccinella_septempunctata_000061_s63_ch0","train"
"2025-06-24 InsectSound1000","InsectSound1000/Coccinella_septempunctata/2023420-16-9/000042/2023420-16-9_Coccinella_septempunctata_000042_s88_ch1","train"
"2025-06-24 InsectSound1000","InsectSound1000/Coccinella_septempunctata/2023419-16-19/000053/2023419-16-19_Coccinella_septempunctata_000053_s28_ch0","train"
"2025-06-24 InsectSound1000","InsectSound1000/Coccinella_septempunctata/2023420-16-9/000004/2023420-16-9_Coccinella_septempunctata_000004_s20_ch0","train"
"2025-06-24 InsectSound1000","InsectSound1000/Coccinella_septempunctata/2023419-16-19/000017/2023419-16-19_Coccinella_septempunctata_000017_s123_ch0","train"
"2025-06-24 InsectSound1000","InsectSound1000/Coccinella_septempunctata/2023424-16-23/000014/2023424-16-23_Coccinella_septempunctata_000014_s3_ch0","train"
"2025-06-24 InsectSound1000","InsectSound1000/Coccinella_septempunctata/2023420-16-9/000068/2023420-16-9_Coccinella_septempunctata_000068_s56_ch0","train"
"2025-06-24 InsectSound1000","InsectSound1000/Coccinella_septempunctata/2023419-16-19/000023/2023419-16-19_Coccinella_septempunctata_000023_s51_ch0","train"
"2025-06-24 InsectSound1000","InsectSound1000/Coccinella_septempunctata/2023419-16-19/000012/2023419-16-19_Coccinella_septempunctata_000012_s99_ch0","train"
"2025-06-24 InsectSound1000","InsectSound1000/Coccinella_septempunctata/2023419-16-19/000026/2023419-16-19_Coccinella_septempunctata_000026_s55_ch0","train"
"2025-06-24 InsectSound1000","InsectSound1000/Coccinella_septempunctata/2023425-16-22/000052/2023425-16-22_Coccinella_septempunctata_000052_s6_ch0","train"
"2025-06-24 InsectSound1000","InsectSound1000/Coccinella_septempunctata/2023425-16-22/000031/2023425-16-22_Coccinella_septempunctata_000031_s26_ch0","train"
"2025-06-24 InsectSound1000","InsectSound1000/Coccinella_septempunctata/2023420-16-9/000007/2023420-16-9_Coccinella_septempunctata_000007_s59_ch0","train"
"2025-06-24 InsectSound1000","InsectSound1000/Coccinella_septempunctata/2023420-16-9/000058/2023420-16-9_Coccinella_septempunctata_000058_s113_ch0","train"
"2025-06-24 InsectSound1000","InsectSound1000/Coccinella_septempunctata/2023420-16-9/000059/2023420-16-9_Coccinella_septempunctata_000059_s35_ch0","train"
"2025-06-24 InsectSound1000","InsectSound1000/Coccinella_septempunctata/2023420-16-9/000066/2023420-16-9_Coccinella_septempunctata_000066_s62_ch0","train"
"2025-06-24 InsectSound1000","InsectSound1000/Coccinella_septempunctata/2023420-16-9/000051/2023420-16-9_Coccinella_septempunctata_000051_s98_ch0","train"
"2025-06-24 InsectSound1000","InsectSound1000/Coccinella_septempunctata/2023419-16-19/000065/2023419-16-19_Coccinella_septempunctata_000065_s117_ch0","train"
"2025-06-24 InsectSound1000","InsectSound1000/Coccinella_septempunctata/2023420-16-9/000032/2023420-16-9_Coccinella_septempunctata_000032_s58_ch0","train"
"2025-06-24 InsectSound1000","InsectSound1000/Coccinella_septempunctata/2023419-16-19/000043/2023419-16-19_Coccinella_septempunctata_000043_s12_ch0","train"
"2025-06-24 InsectSound1000","InsectSound1000/Coccinella_septempunctata/2023420-16-9/000021/2023420-16-9_Coccinella_septempunctata_000021_s54_ch2","train"
"2025-06-24 InsectSound1000","InsectSound1000/Coccinella_septempunctata/2023425-16-22/000058/2023425-16-22_Coccinella_septempunctata_000058_s3_ch0","train"
"2025-06-24 InsectSound1000","InsectSound1000/Coccinella_septempunctata/2023420-16-9/000014/2023420-16-9_Coccinella_septempunctata_000014_s16_ch0","train"
"2025-06-24 InsectSound1000","InsectSound1000/Coccinella_septempunctata/2023419-16-19/000060/2023419-16-19_Coccinella_septempunctata_000060_s68_ch0","train"
"2025-06-24 InsectSound1000","InsectSound1000/Coccinella_septempunctata/2023419-16-19/000057/2023419-16-19_Coccinella_septempunctata_000057_s51_ch0","train"
"2025-06-24 InsectSound1000","InsectSound1000/Coccinella_septempunctata/2023420-16-9/000028/2023420-16-9_Coccinella_septempunctata_000028_s11_ch1","train"
"2025-06-24 InsectSound1000","InsectSound1000/Coccinella_septempunctata/2023425-16-22/000030/2023425-16-22_Coccinella_septempunctata_000030_s12_ch0","train"
"2025-06-24 InsectSound1000","InsectSound1000/Coccinella_septempunctata/2023418-15-24/000008/2023418-15-24_Coccinella_septempunctata_000008_s2_ch0","train"
"2025-06-24 InsectSound1000","InsectSound1000/Coccinella_septempunctata/2023419-16-19/000023/2023419-16-19_Coccinella_septempunctata_000023_s73_ch0","train"
"2025-06-24 InsectSound1000","InsectSound1000/Coccinella_septempunctata/2023420-16-9/000065/2023420-16-9_Coccinella_septempunctata_000065_s70_ch0","train"
"2025-06-24 InsectSound1000","InsectSound1000/Coccinella_septempunctata/2023420-16-9/000035/2023420-16-9_Coccinella_septempunctata_000035_s22_ch0","train"
"2025-06-24 InsectSound1000","InsectSound1000/Coccinella_septempunctata/2023419-16-19/000063/2023419-16-19_Coccinella_septempunctata_000063_s93_ch0","train"
"2025-06-24 InsectSound1000","InsectSound1000/Coccinella_septempunctata/2023419-16-19/000026/2023419-16-19_Coccinella_septempunctata_000026_s56_ch0","train"
"2025-06-24 InsectSound1000","InsectSound1000/Coccinella_septempunctata/2023419-16-19/000057/2023419-16-19_Coccinella_septempunctata_000057_s90_ch0","train"
"2025-06-24 InsectSound1000","InsectSound1000/Coccinella_septempunctata/2023419-16-19/000056/2023419-16-19_Coccinella_septempunctata_000056_s43_ch0","train"
"2025-06-24 InsectSound1000","InsectSound1000/Coccinella_septempunctata/2023420-16-9/000039/2023420-16-9_Coccinella_septempunctata_000039_s48_ch0","train"
"2025-06-24 InsectSound1000","InsectSound1000/Coccinella_septempunctata/2023420-16-9/000039/2023420-16-9_Coccinella_septempunctata_000039_s38_ch0","train"
"2025-06-24 InsectSound1000","InsectSound1000/Coccinella_septempunctata/2023420-16-9/000051/2023420-16-9_Coccinella_septempunctata_000051_s100_ch0","train"
"2025-06-24 InsectSound1000","InsectSound1000/Coccinella_septempunctata/2023419-16-19/000038/2023419-16-19_Coccinella_septempunctata_000038_s63_ch0","train"
"2025-06-24 InsectSound1000","InsectSound1000/Coccinella_septempunctata/2023419-16-19/000067/2023419-16-19_Coccinella_septempunctata_000067_s105_ch0","train"
"2025-06-24 InsectSound1000","InsectSound1000/Coccinella_septempunctata/2023419-16-19/000054/2023419-16-19_Coccinella_septempunctata_000054_s67_ch0","train"
"2025-06-24 InsectSound1000","InsectSound1000/Coccinella_septempunctata/2023419-16-19/000055/2023419-16-19_Coccinella_septempunctata_000055_s150_ch0","train"
"2025-06-24 InsectSound1000","InsectSound1000/Coccinella_septempunctata/2023420-16-9/000050/2023420-16-9_Coccinella_septempunctata_000050_s33_ch3","train"
"2025-06-24 InsectSound1000","InsectSound1000/Coccinella_septempunctata/2023419-16-19/000061/2023419-16-19_Coccinella_septempunctata_000061_s5_ch0","train"
"2025-06-24 InsectSound1000","InsectSound1000/Coccinella_septempunctata/2023420-16-9/000065/2023420-16-9_Coccinella_septempunctata_000065_s84_ch0","train"
"2025-06-24 InsectSound1000","InsectSound1000/Coccinella_septempunctata/2023425-16-22/000005/2023425-16-22_Coccinella_septempunctata_000005_s1_ch0","train"
"2025-06-24 InsectSound1000","InsectSound1000/Coccinella_septempunctata/2023425-16-22/000058/2023425-16-22_Coccinella_septempunctata_000058_s31_ch0","train"
"2025-06-24 InsectSound1000","InsectSound1000/Coccinella_septempunctata/2023425-16-22/000058/2023425-16-22_Coccinella_septempunctata_000058_s65_ch0","train"
"2025-06-24 InsectSound1000","InsectSound1000/Coccinella_septempunctata/2023425-16-22/000058/2023425-16-22_Coccinella_septempunctata_000058_s41_ch0","train"
"2025-06-24 InsectSound1000","InsectSound1000/Coccinella_septempunctata/2023425-16-22/000058/2023425-16-22_Coccinella_septempunctata_000058_s49_ch0","train"
"2025-06-24 InsectSound1000","InsectSound1000/Coccinella_septempunctata/2023425-16-22/000058/2023425-16-22_Coccinella_septempunctata_000058_s50_ch0","train"
"2025-06-24 InsectSound1000","InsectSound1000/Coccinella_septempunctata/2023425-16-22/000058/2023425-16-22_Coccinella_septempunctata_000058_s32_ch0","train"
"2025-06-24 InsectSound1000","InsectSound1000/Coccinella_septempunctata/2023425-16-22/000058/2023425-16-22_Coccinella_septempunctata_000058_s2_ch0","train"
"2025-06-24 InsectSound1000","InsectSound1000/Coccinella_septempunctata/2023425-16-22/000058/2023425-16-22_Coccinella_septempunctata_000058_s46_ch0","train"
"2025-06-24 InsectSound1000","InsectSound1000/Coccinella_septempunctata/2023425-16-22/000058/2023425-16-22_Coccinella_septempunctata_000058_s35_ch0","train"
"2025-06-24 InsectSound1000","InsectSound1000/Coccinella_septempunctata/2023424-16-23/000064/2023424-16-23_Coccinella_septempunctata_000064_s12_ch0","train"
"2025-06-24 InsectSound1000","InsectSound1000/Coccinella_septempunctata/2023420-16-9/000055/2023420-16-9_Coccinella_septempunctata_000055_s48_ch0","train"
"2025-06-24 InsectSound1000","InsectSound1000/Coccinella_septempunctata/2023420-16-9/000045/2023420-16-9_Coccinella_septempunctata_000045_s102_ch1","train"
"2025-06-24 InsectSound1000","InsectSound1000/Coccinella_septempunctata/2023420-16-9/000048/2023420-16-9_Coccinella_septempunctata_000048_s150_ch0","train"
"2025-06-24 InsectSound1000","InsectSound1000/Coccinella_septempunctata/2023419-16-19/000065/2023419-16-19_Coccinella_septempunctata_000065_s70_ch0","train"
"2025-06-24 InsectSound1000","InsectSound1000/Coccinella_septempunctata/2023420-16-9/000052/2023420-16-9_Coccinella_septempunctata_000052_s17_ch0","train"
"2025-06-24 InsectSound1000","InsectSound1000/Coccinella_septempunctata/2023420-16-9/000012/2023420-16-9_Coccinella_septempunctata_000012_s101_ch2","train"
"2025-06-24 InsectSound1000","InsectSound1000/Coccinella_septempunctata/2023419-16-19/000017/2023419-16-19_Coccinella_septempunctata_000017_s47_ch0","train"
"2025-06-24 InsectSound1000","InsectSound1000/Coccinella_septempunctata/2023420-16-9/000051/2023420-16-9_Coccinella_septempunctata_000051_s94_ch0","train"
"2025-06-24 InsectSound1000","InsectSound1000/Coccinella_septempunctata/2023419-16-19/000065/2023419-16-19_Coccinella_septempunctata_000065_s64_ch0","train"
"2025-06-24 InsectSound1000","InsectSound1000/Coccinella_septempunctata/2023419-16-19/000000/2023419-16-19_Coccinella_septempunctata_000000_s1_ch0","train"
"2025-06-24 InsectSound1000","InsectSound1000/Coccinella_septempunctata/2023420-16-9/000048/2023420-16-9_Coccinella_septempunctata_000048_s67_ch0","train"
"2025-06-24 InsectSound1000","InsectSound1000/Coccinella_septempunctata/2023420-16-9/000047/2023420-16-9_Coccinella_septempunctata_000047_s112_ch1","train"
"2025-06-24 InsectSound1000","InsectSound1000/Coccinella_septempunctata/2023420-16-9/000066/2023420-16-9_Coccinella_septempunctata_000066_s78_ch0","train"
"2025-06-24 InsectSound1000","InsectSound1000/Coccinella_septempunctata/2023420-16-9/000015/2023420-16-9_Coccinella_septempunctata_000015_s5_ch0","train"
"2025-06-24 InsectSound1000","InsectSound1000/Coccinella_septempunctata/2023420-16-9/000054/2023420-16-9_Coccinella_septempunctata_000054_s36_ch0","train"
"2025-06-24 InsectSound1000","InsectSound1000/Coccinella_septempunctata/2023419-16-19/000044/2023419-16-19_Coccinella_septempunctata_000044_s27_ch0","train"
"2025-06-24 InsectSound1000","InsectSound1000/Coccinella_septempunctata/2023419-16-19/000017/2023419-16-19_Coccinella_septempunctata_000017_s58_ch0","train"
"2025-06-24 InsectSound1000","InsectSound1000/Coccinella_septempunctata/2023424-16-23/000064/2023424-16-23_Coccinella_septempunctata_000064_s30_ch0","train"
"2025-06-24 InsectSound1000","InsectSound1000/Coccinella_septempunctata/2023424-16-23/000064/2023424-16-23_Coccinella_septempunctata_000064_s32_ch0","train"
"2025-06-24 InsectSound1000","InsectSound1000/Coccinella_septempunctata/2023419-16-19/000020/2023419-16-19_Coccinella_septempunctata_000020_s37_ch0","train"
"2025-06-24 InsectSound1000","InsectSound1000/Coccinella_septempunctata/2023420-16-9/000047/2023420-16-9_Coccinella_septempunctata_000047_s120_ch1","train"
"2025-06-24 InsectSound1000","InsectSound1000/Coccinella_septempunctata/2023420-16-9/000064/2023420-16-9_Coccinella_septempunctata_000064_s137_ch0","train"
"2025-06-24 InsectSound1000","InsectSound1000/Coccinella_septempunctata/2023419-16-19/000033/2023419-16-19_Coccinella_septempunctata_000033_s94_ch0","train"
"2025-06-24 InsectSound1000","InsectSound1000/Coccinella_septempunctata/2023419-16-19/000025/2023419-16-19_Coccinella_septempunctata_000025_s85_ch0","train"
"2025-06-24 InsectSound1000","InsectSound1000/Coccinella_septempunctata/2023425-16-22/000052/2023425-16-22_Coccinella_septempunctata_000052_s16_ch0","train"
"2025-06-24 InsectSound1000","InsectSound1000/Coccinella_septempunctata/2023420-16-9/000036/2023420-16-9_Coccinella_septempunctata_000036_s59_ch2","train"
"2025-06-24 InsectSound1000","InsectSound1000/Coccinella_septempunctata/2023420-16-9/000051/2023420-16-9_Coccinella_septempunctata_000051_s13_ch0","train"
"2025-06-24 InsectSound1000","InsectSound1000/Coccinella_septempunctata/2023420-16-9/000046/2023420-16-9_Coccinella_septempunctata_000046_s79_ch1","train"
"2025-06-24 InsectSound1000","InsectSound1000/Episyrphus_balteatus/2023612-16-19/000033/2023612-16-19_Episyrphus_balteatus_000033_s1_ch0","train"
"2025-06-24 InsectSound1000","InsectSound1000/Episyrphus_balteatus/2023612-16-19/000005/2023612-16-19_Episyrphus_balteatus_000005_s61_ch0","train"
"2025-06-24 InsectSound1000","InsectSound1000/Episyrphus_balteatus/2023612-16-19/000005/2023612-16-19_Episyrphus_balteatus_000005_s71_ch0","train"
"2025-06-24 InsectSound1000","InsectSound1000/Episyrphus_balteatus/2023612-16-19/000005/2023612-16-19_Episyrphus_balteatus_000005_s109_ch0","train"
"2025-06-24 InsectSound1000","InsectSound1000/Episyrphus_balteatus/2023612-16-19/000005/2023612-16-19_Episyrphus_balteatus_000005_s154_ch0","train"
"2025-06-24 InsectSound1000","InsectSound1000/Episyrphus_balteatus/2023612-16-19/000005/2023612-16-19_Episyrphus_balteatus_000005_s144_ch0","train"
"2025-06-24 InsectSound1000","InsectSound1000/Episyrphus_balteatus/2023612-16-19/000005/2023612-16-19_Episyrphus_balteatus_000005_s85_ch0","train"
"2025-06-24 InsectSound1000","InsectSound1000/Episyrphus_balteatus/2023612-16-19/000005/2023612-16-19_Episyrphus_balteatus_000005_s136_ch0","train"
"2025-06-24 InsectSound1000","InsectSound1000/Episyrphus_balteatus/2023612-16-19/000005/2023612-16-19_Episyrphus_balteatus_000005_s126_ch0","train"
"2025-06-24 InsectSound1000","InsectSound1000/Episyrphus_balteatus/2023612-16-19/000005/2023612-16-19_Episyrphus_balteatus_000005_s78_ch0","train"
"2025-06-24 InsectSound1000","InsectSound1000/Episyrphus_balteatus/2023612-16-19/000005/2023612-16-19_Episyrphus_balteatus_000005_s110_ch0","train"
"2025-06-24 InsectSound1000","InsectSound1000/Episyrphus_balteatus/2023612-16-19/000005/2023612-16-19_Episyrphus_balteatus_000005_s100_ch0","train"
"2025-06-24 InsectSound1000","InsectSound1000/Episyrphus_balteatus/2023612-16-19/000005/2023612-16-19_Episyrphus_balteatus_000005_s57_ch0","train"
"2025-06-24 InsectSound1000","InsectSound1000/Episyrphus_balteatus/2023612-16-19/000005/2023612-16-19_Episyrphus_balteatus_000005_s101_ch0","train"
"2025-06-24 InsectSound1000","InsectSound1000/Episyrphus_balteatus/2023612-16-19/000005/2023612-16-19_Episyrphus_balteatus_000005_s69_ch0","train"
"2025-06-24 InsectSound1000","InsectSound1000/Episyrphus_balteatus/2023612-16-19/000005/2023612-16-19_Episyrphus_balteatus_000005_s56_ch0","train"
"2025-06-24 InsectSound1000","InsectSound1000/Episyrphus_balteatus/2023612-16-19/000005/2023612-16-19_Episyrphus_balteatus_000005_s46_ch0","train"
"2025-06-24 InsectSound1000","InsectSound1000/Episyrphus_balteatus/2023612-16-19/000005/2023612-16-19_Episyrphus_balteatus_000005_s24_ch0","train"
"2025-06-24 InsectSound1000","InsectSound1000/Episyrphus_balteatus/2023612-16-19/000005/2023612-16-19_Episyrphus_balteatus_000005_s60_ch0","train"
"2025-06-24 InsectSound1000","InsectSound1000/Episyrphus_balteatus/2023612-16-19/000005/2023612-16-19_Episyrphus_balteatus_000005_s84_ch0","train"
"2025-06-24 InsectSound1000","InsectSound1000/Episyrphus_balteatus/2023612-16-19/000005/2023612-16-19_Episyrphus_balteatus_000005_s155_ch0","train"
"2025-06-24 InsectSound1000","InsectSound1000/Episyrphus_balteatus/2023612-16-19/000005/2023612-16-19_Episyrphus_balteatus_000005_s161_ch0","train"
"2025-06-24 InsectSound1000","InsectSound1000/Episyrphus_balteatus/2023612-16-19/000005/2023612-16-19_Episyrphus_balteatus_000005_s62_ch0","train"
"2025-06-24 InsectSound1000","InsectSound1000/Episyrphus_balteatus/2023612-16-19/000005/2023612-16-19_Episyrphus_balteatus_000005_s72_ch0","train"
"2025-06-24 InsectSound1000","InsectSound1000/Episyrphus_balteatus/2023612-16-19/000005/2023612-16-19_Episyrphus_balteatus_000005_s86_ch0","train"
"2025-06-24 InsectSound1000","InsectSound1000/Episyrphus_balteatus/2023612-16-19/000005/2023612-16-19_Episyrphus_balteatus_000005_s73_ch0","train"
"2025-06-24 InsectSound1000","InsectSound1000/Episyrphus_balteatus/2023612-16-19/000005/2023612-16-19_Episyrphus_balteatus_000005_s63_ch0","train"
"2025-06-24 InsectSound1000","InsectSound1000/Episyrphus_balteatus/2023612-16-19/000005/2023612-16-19_Episyrphus_balteatus_000005_s169_ch0","train"
"2025-06-24 InsectSound1000","InsectSound1000/Episyrphus_balteatus/2023612-16-19/000005/2023612-16-19_Episyrphus_balteatus_000005_s87_ch0","train"
"2025-06-24 InsectSound1000","InsectSound1000/Episyrphus_balteatus/2023612-16-19/000005/2023612-16-19_Episyrphus_balteatus_000005_s18_ch0","train"
"2025-06-24 InsectSound1000","InsectSound1000/Episyrphus_balteatus/2023612-16-19/000005/2023612-16-19_Episyrphus_balteatus_000005_s102_ch0","train"
"2025-06-24 InsectSound1000","InsectSound1000/Episyrphus_balteatus/2023612-16-19/000005/2023612-16-19_Episyrphus_balteatus_000005_s55_ch0","train"
"2025-06-24 InsectSound1000","InsectSound1000/Episyrphus_balteatus/2023612-16-19/000005/2023612-16-19_Episyrphus_balteatus_000005_s45_ch0","train"
"2025-06-24 InsectSound1000","InsectSound1000/Episyrphus_balteatus/2023612-16-19/000005/2023612-16-19_Episyrphus_balteatus_000005_s128_ch0","train"
"2025-06-24 InsectSound1000","InsectSound1000/Episyrphus_balteatus/2023612-16-19/000005/2023612-16-19_Episyrphus_balteatus_000005_s40_ch0","train"
"2025-06-24 InsectSound1000","InsectSound1000/Episyrphus_balteatus/2023612-16-19/000005/2023612-16-19_Episyrphus_balteatus_000005_s82_ch0","train"
"2025-06-24 InsectSound1000","InsectSound1000/Episyrphus_balteatus/2023612-16-19/000005/2023612-16-19_Episyrphus_balteatus_000005_s153_ch0","train"
"2025-06-24 InsectSound1000","InsectSound1000/Episyrphus_balteatus/2023612-16-19/000005/2023612-16-19_Episyrphus_balteatus_000005_s143_ch0","train"
"2025-06-24 InsectSound1000","InsectSound1000/Episyrphus_balteatus/2023612-16-19/000005/2023612-16-19_Episyrphus_balteatus_000005_s66_ch0","train"
"2025-06-24 InsectSound1000","InsectSound1000/Episyrphus_balteatus/2023612-16-19/000005/2023612-16-19_Episyrphus_balteatus_000005_s48_ch0","train"
"2025-06-24 InsectSound1000","InsectSound1000/Episyrphus_balteatus/2023612-16-19/000005/2023612-16-19_Episyrphus_balteatus_000005_s58_ch0","train"
"2025-06-24 InsectSound1000","InsectSound1000/Episyrphus_balteatus/2023612-16-19/000005/2023612-16-19_Episyrphus_balteatus_000005_s152_ch0","train"
"2025-06-24 InsectSound1000","InsectSound1000/Episyrphus_balteatus/2023612-16-19/000005/2023612-16-19_Episyrphus_balteatus_000005_s83_ch0","train"
"2025-06-24 InsectSound1000","InsectSound1000/Episyrphus_balteatus/2023612-16-19/000005/2023612-16-19_Episyrphus_balteatus_000005_s15_ch0","train"
"2025-06-24 InsectSound1000","InsectSound1000/Episyrphus_balteatus/2023613-16-37/000003/2023613-16-37_Episyrphus_balteatus_000003_s88_ch0","train"
"2025-06-24 InsectSound1000","InsectSound1000/Episyrphus_balteatus/2023615-16-27/000008/2023615-16-27_Episyrphus_balteatus_000008_s111_ch0","train"
"2025-06-24 InsectSound1000","InsectSound1000/Episyrphus_balteatus/2023615-16-27/000009/2023615-16-27_Episyrphus_balteatus_000009_s63_ch0","train"
"2025-06-24 InsectSound1000","InsectSound1000/Episyrphus_balteatus/2023515-16-42/000045/2023515-16-42_Episyrphus_balteatus_000045_s83_ch0","train"
"2025-06-24 InsectSound1000","InsectSound1000/Episyrphus_balteatus/2023615-16-27/000001/2023615-16-27_Episyrphus_balteatus_000001_s13_ch0","train"
"2025-06-24 InsectSound1000","InsectSound1000/Episyrphus_balteatus/2023515-16-42/000005/2023515-16-42_Episyrphus_balteatus_000005_s21_ch0","train"
"2025-06-24 InsectSound1000","InsectSound1000/Episyrphus_balteatus/2023612-16-19/000066/2023612-16-19_Episyrphus_balteatus_000066_s32_ch0","train"
"2025-06-24 InsectSound1000","InsectSound1000/Episyrphus_balteatus/2023613-16-37/000012/2023613-16-37_Episyrphus_balteatus_000012_s36_ch1","train"
"2025-06-24 InsectSound1000","InsectSound1000/Episyrphus_balteatus/2023515-16-42/000001/2023515-16-42_Episyrphus_balteatus_000001_s91_ch0","train"
"2025-06-24 InsectSound1000","InsectSound1000/Episyrphus_balteatus/2023615-16-27/000008/2023615-16-27_Episyrphus_balteatus_000008_s16_ch0","train"
"2025-06-24 InsectSound1000","InsectSound1000/Episyrphus_balteatus/2023613-16-37/000003/2023613-16-37_Episyrphus_balteatus_000003_s40_ch0","train"
"2025-06-24 InsectSound1000","InsectSound1000/Episyrphus_balteatus/2023615-16-27/000012/2023615-16-27_Episyrphus_balteatus_000012_s59_ch0","train"
"2025-06-24 InsectSound1000","InsectSound1000/Episyrphus_balteatus/2023612-16-19/000007/2023612-16-19_Episyrphus_balteatus_000007_s123_ch0","train"
"2025-06-24 InsectSound1000","InsectSound1000/Episyrphus_balteatus/2023612-16-19/000003/2023612-16-19_Episyrphus_balteatus_000003_s42_ch0","train"
"2025-06-24 InsectSound1000","InsectSound1000/Episyrphus_balteatus/2023614-16-27/000014/2023614-16-27_Episyrphus_balteatus_000014_s9_ch0","train"
"2025-06-24 InsectSound1000","InsectSound1000/Episyrphus_balteatus/2023613-16-37/000009/2023613-16-37_Episyrphus_balteatus_000009_s31_ch3","train"
"2025-06-24 InsectSound1000","InsectSound1000/Episyrphus_balteatus/2023614-16-27/000007/2023614-16-27_Episyrphus_balteatus_000007_s70_ch0","train"
"2025-06-24 InsectSound1000","InsectSound1000/Episyrphus_balteatus/2023615-16-27/000010/2023615-16-27_Episyrphus_balteatus_000010_s8_ch0","train"
"2025-06-24 InsectSound1000","InsectSound1000/Episyrphus_balteatus/2023613-16-37/000011/2023613-16-37_Episyrphus_balteatus_000011_s39_ch1","train"
"2025-06-24 InsectSound1000","InsectSound1000/Episyrphus_balteatus/2023614-16-27/000007/2023614-16-27_Episyrphus_balteatus_000007_s77_ch0","train"
"2025-06-24 InsectSound1000","InsectSound1000/Episyrphus_balteatus/2023614-16-27/000008/2023614-16-27_Episyrphus_balteatus_000008_s95_ch3","train"
"2025-06-24 InsectSound1000","InsectSound1000/Episyrphus_balteatus/2023614-16-27/000007/2023614-16-27_Episyrphus_balteatus_000007_s92_ch0","train"
"2025-06-24 InsectSound1000","InsectSound1000/Episyrphus_balteatus/2023515-16-42/000037/2023515-16-42_Episyrphus_balteatus_000037_s56_ch3","train"
"2025-06-24 InsectSound1000","InsectSound1000/Episyrphus_balteatus/2023613-16-37/000001/2023613-16-37_Episyrphus_balteatus_000001_s146_ch2","train"
"2025-06-24 InsectSound1000","InsectSound1000/Episyrphus_balteatus/2023613-16-37/000066/2023613-16-37_Episyrphus_balteatus_000066_s89_ch3","train"
"2025-06-24 InsectSound1000","InsectSound1000/Episyrphus_balteatus/2023614-16-27/000003/2023614-16-27_Episyrphus_balteatus_000003_s54_ch0","train"
"2025-06-24 InsectSound1000","InsectSound1000/Episyrphus_balteatus/2023613-16-37/000009/2023613-16-37_Episyrphus_balteatus_000009_s154_ch3","train"
"2025-06-24 InsectSound1000","InsectSound1000/Episyrphus_balteatus/2023614-16-27/000014/2023614-16-27_Episyrphus_balteatus_000014_s74_ch0","train"
"2025-06-24 InsectSound1000","InsectSound1000/Episyrphus_balteatus/2023613-16-37/000067/2023613-16-37_Episyrphus_balteatus_000067_s155_ch0","train"
"2025-06-24 InsectSound1000","InsectSound1000/Episyrphus_balteatus/2023614-16-27/000006/2023614-16-27_Episyrphus_balteatus_000006_s121_ch0","train"
"2025-06-24 InsectSound1000","InsectSound1000/Episyrphus_balteatus/2023612-16-19/000010/2023612-16-19_Episyrphus_balteatus_000010_s53_ch0","train"
"2025-06-24 InsectSound1000","InsectSound1000/Episyrphus_balteatus/2023612-16-19/000001/2023612-16-19_Episyrphus_balteatus_000001_s46_ch0","train"
"2025-06-24 InsectSound1000","InsectSound1000/Episyrphus_balteatus/2023614-16-27/000008/2023614-16-27_Episyrphus_balteatus_000008_s116_ch3","train"
"2025-06-24 InsectSound1000","InsectSound1000/Episyrphus_balteatus/2023515-16-42/000044/2023515-16-42_Episyrphus_balteatus_000044_s40_ch3","train"
"2025-06-24 InsectSound1000","InsectSound1000/Episyrphus_balteatus/2023614-16-27/000007/2023614-16-27_Episyrphus_balteatus_000007_s98_ch0","train"
"2025-06-24 InsectSound1000","InsectSound1000/Episyrphus_balteatus/2023615-16-27/000013/2023615-16-27_Episyrphus_balteatus_000013_s48_ch0","train"
"2025-06-24 InsectSound1000","InsectSound1000/Episyrphus_balteatus/2023614-16-27/000067/2023614-16-27_Episyrphus_balteatus_000067_s90_ch0","train"
"2025-06-24 InsectSound1000","InsectSound1000/Episyrphus_balteatus/2023613-16-37/000065/2023613-16-37_Episyrphus_balteatus_000065_s43_ch0","train"
"2025-06-24 InsectSound1000","InsectSound1000/Halyomorpha_halys/2022421-16-34/000000/2022421-16-34_Halyomorpha_halys_000000_s10_ch0","train"
"2025-06-24 InsectSound1000","InsectSound1000/Halyomorpha_halys/2022421-16-34/000000/2022421-16-34_Halyomorpha_halys_000000_s11_ch0","train"
"2025-06-24 InsectSound1000","InsectSound1000/Halyomorpha_halys/2022421-16-34/000000/2022421-16-34_Halyomorpha_halys_000000_s12_ch0","train"
"2025-06-24 InsectSound1000","InsectSound1000/Halyomorpha_halys/2022421-16-34/000000/2022421-16-34_Halyomorpha_halys_000000_s13_ch0","train"
"2025-06-24 InsectSound1000","InsectSound1000/Halyomorpha_halys/2022421-16-34/000000/2022421-16-34_Halyomorpha_halys_000000_s14_ch0","train"
"2025-06-24 InsectSound1000","InsectSound1000/Halyomorpha_halys/2022421-16-34/000000/2022421-16-34_Halyomorpha_halys_000000_s15_ch0","train"
"2025-06-24 InsectSound1000","InsectSound1000/Halyomorpha_halys/2022421-16-34/000000/2022421-16-34_Halyomorpha_halys_000000_s16_ch0","train"
"2025-06-24 InsectSound1000","InsectSound1000/Halyomorpha_halys/2022421-16-34/000000/2022421-16-34_Halyomorpha_halys_000000_s17_ch0","train"
"2025-06-24 InsectSound1000","InsectSound1000/Halyomorpha_halys/2022421-16-34/000000/2022421-16-34_Halyomorpha_halys_000000_s18_ch0","train"
"2025-06-24 InsectSound1000","InsectSound1000/Halyomorpha_halys/2022421-16-34/000000/2022421-16-34_Halyomorpha_halys_000000_s19_ch0","train"
"2025-06-24 InsectSound1000","InsectSound1000/Halyomorpha_halys/2022421-16-34/000000/2022421-16-34_Halyomorpha_halys_000000_s1_ch0","train"
"2025-06-24 InsectSound1000","InsectSound1000/Halyomorpha_halys/2022421-16-34/000000/2022421-16-34_Halyomorpha_halys_000000_s20_ch0","train"
"2025-06-24 InsectSound1000","InsectSound1000/Halyomorpha_halys/2022421-16-34/000000/2022421-16-34_Halyomorpha_halys_000000_s21_ch0","train"
"2025-06-24 InsectSound1000","InsectSound1000/Halyomorpha_halys/2022421-16-34/000000/2022421-16-34_Halyomorpha_halys_000000_s22_ch0","train"
"2025-06-24 InsectSound1000","InsectSound1000/Halyomorpha_halys/2022530-16-6/000023/2022530-16-6_Halyomorpha_halys_000023_s51_ch2","train"
"2025-06-24 InsectSound1000","InsectSound1000/Halyomorpha_halys/202261-15-3/000005/202261-15-3_Halyomorpha_halys_000005_s2_ch0","train"
"2025-06-24 InsectSound1000","InsectSound1000/Halyomorpha_halys/2022524-16-36/000016/2022524-16-36_Halyomorpha_halys_000016_s14_ch0","train"
"2025-06-24 InsectSound1000","InsectSound1000/Halyomorpha_halys/2022530-16-6/000015/2022530-16-6_Halyomorpha_halys_000015_s31_ch0","train"
"2025-06-24 InsectSound1000","InsectSound1000/Halyomorpha_halys/2022530-16-6/000016/2022530-16-6_Halyomorpha_halys_000016_s33_ch0","train"
"2025-06-24 InsectSound1000","InsectSound1000/Halyomorpha_halys/202261-15-3/000013/202261-15-3_Halyomorpha_halys_000013_s28_ch0","train"
"2025-06-24 InsectSound1000","InsectSound1000/Halyomorpha_halys/2022524-16-36/000016/2022524-16-36_Halyomorpha_halys_000016_s120_ch0","train"
"2025-06-24 InsectSound1000","InsectSound1000/Halyomorpha_halys/2022530-16-6/000028/2022530-16-6_Halyomorpha_halys_000028_s123_ch3","train"
"2025-06-24 InsectSound1000","InsectSound1000/Halyomorpha_halys/202261-15-3/000014/202261-15-3_Halyomorpha_halys_000014_s11_ch1","train"
"2025-06-24 InsectSound1000","InsectSound1000/Halyomorpha_halys/2022524-16-36/000033/2022524-16-36_Halyomorpha_halys_000033_s71_ch1","train"
"2025-06-24 InsectSound1000","InsectSound1000/Halyomorpha_halys/2022425-18-24/000009/2022425-18-24_Halyomorpha_halys_000009_s13_ch0","train"
"2025-06-24 InsectSound1000","InsectSound1000/Halyomorpha_halys/2022524-16-36/000027/2022524-16-36_Halyomorpha_halys_000027_s67_ch2","train"
"2025-06-24 InsectSound1000","InsectSound1000/Halyomorpha_halys/2022524-16-36/000058/2022524-16-36_Halyomorpha_halys_000058_s4_ch0","train"
"2025-06-24 InsectSound1000","InsectSound1000/Halyomorpha_halys/2022524-16-36/000016/2022524-16-36_Halyomorpha_halys_000016_s7_ch0","train"
"2025-06-24 InsectSound1000","InsectSound1000/Halyomorpha_halys/2022421-16-34/000000/2022421-16-34_Halyomorpha_halys_000000_s23_ch0","train"
"2025-06-24 InsectSound1000","InsectSound1000/Halyomorpha_halys/2022530-16-6/000042/2022530-16-6_Halyomorpha_halys_000042_s46_ch1","train"
"2025-06-24 InsectSound1000","InsectSound1000/Halyomorpha_halys/2022530-16-6/000042/2022530-16-6_Halyomorpha_halys_000042_s47_ch1","train"
"2025-06-24 InsectSound1000","InsectSound1000/Halyomorpha_halys/2022530-16-6/000042/2022530-16-6_Halyomorpha_halys_000042_s48_ch1","train"
"2025-06-24 InsectSound1000","InsectSound1000/Halyomorpha_halys/2022530-16-6/000042/2022530-16-6_Halyomorpha_halys_000042_s49_ch1","train"
"2025-06-24 InsectSound1000","InsectSound1000/Halyomorpha_halys/2022530-16-6/000042/2022530-16-6_Halyomorpha_halys_000042_s4_ch1","train"
"2025-06-24 InsectSound1000","InsectSound1000/Halyomorpha_halys/2022530-16-6/000042/2022530-16-6_Halyomorpha_halys_000042_s50_ch1","train"
"2025-06-24 InsectSound1000","InsectSound1000/Halyomorpha_halys/2022530-16-6/000042/2022530-16-6_Halyomorpha_halys_000042_s51_ch1","train"
"2025-06-24 InsectSound1000","InsectSound1000/Halyomorpha_halys/2022530-16-6/000042/2022530-16-6_Halyomorpha_halys_000042_s52_ch1","train"
"2025-06-24 InsectSound1000","InsectSound1000/Halyomorpha_halys/2022530-16-6/000042/2022530-16-6_Halyomorpha_halys_000042_s53_ch1","train"
"2025-06-24 InsectSound1000","InsectSound1000/Halyomorpha_halys/2022530-16-6/000042/2022530-16-6_Halyomorpha_halys_000042_s54_ch1","train"
"2025-06-24 InsectSound1000","InsectSound1000/Halyomorpha_halys/2022530-16-6/000042/2022530-16-6_Halyomorpha_halys_000042_s55_ch1","train"
"2025-06-24 InsectSound1000","InsectSound1000/Halyomorpha_halys/2022530-16-6/000042/2022530-16-6_Halyomorpha_halys_000042_s56_ch1","train"
"2025-06-24 InsectSound1000","InsectSound1000/Halyomorpha_halys/2022530-16-6/000042/2022530-16-6_Halyomorpha_halys_000042_s57_ch1","train"
"2025-06-24 InsectSound1000","InsectSound1000/Halyomorpha_halys/2022530-16-6/000042/2022530-16-6_Halyomorpha_halys_000042_s58_ch1","train"
"2025-06-24 InsectSound1000","InsectSound1000/Halyomorpha_halys/2022530-16-6/000042/2022530-16-6_Halyomorpha_halys_000042_s59_ch1","train"
"2025-06-24 InsectSound1000","InsectSound1000/Halyomorpha_halys/2022530-16-6/000042/2022530-16-6_Halyomorpha_halys_000042_s5_ch1","train"
"2025-06-24 InsectSound1000","InsectSound1000/Halyomorpha_halys/2022530-16-6/000042/2022530-16-6_Halyomorpha_halys_000042_s60_ch1","train"
"2025-06-24 InsectSound1000","InsectSound1000/Halyomorpha_halys/2022530-16-6/000042/2022530-16-6_Halyomorpha_halys_000042_s61_ch1","train"
"2025-06-24 InsectSound1000","InsectSound1000/Halyomorpha_halys/2022530-16-6/000042/2022530-16-6_Halyomorpha_halys_000042_s62_ch1","train"
"2025-06-24 InsectSound1000","InsectSound1000/Halyomorpha_halys/2022530-16-6/000042/2022530-16-6_Halyomorpha_halys_000042_s63_ch1","train"
"2025-06-24 InsectSound1000","InsectSound1000/Halyomorpha_halys/2022530-16-6/000042/2022530-16-6_Halyomorpha_halys_000042_s64_ch1","train"
"2025-06-24 InsectSound1000","InsectSound1000/Halyomorpha_halys/2022530-16-6/000042/2022530-16-6_Halyomorpha_halys_000042_s65_ch1","train"
"2025-06-24 InsectSound1000","InsectSound1000/Halyomorpha_halys/2022530-16-6/000042/2022530-16-6_Halyomorpha_halys_000042_s66_ch1","train"
"2025-06-24 InsectSound1000","InsectSound1000/Halyomorpha_halys/2022530-16-6/000042/2022530-16-6_Halyomorpha_halys_000042_s67_ch1","train"
"2025-06-24 InsectSound1000","InsectSound1000/Halyomorpha_halys/2022530-16-6/000042/2022530-16-6_Halyomorpha_halys_000042_s68_ch1","train"
"2025-06-24 InsectSound1000","InsectSound1000/Halyomorpha_halys/2022530-16-6/000042/2022530-16-6_Halyomorpha_halys_000042_s69_ch1","train"
"2025-06-24 InsectSound1000","InsectSound1000/Halyomorpha_halys/2022530-16-6/000042/2022530-16-6_Halyomorpha_halys_000042_s6_ch1","train"
"2025-06-24 InsectSound1000","InsectSound1000/Halyomorpha_halys/2022530-16-6/000042/2022530-16-6_Halyomorpha_halys_000042_s70_ch1","train"
"2025-06-24 InsectSound1000","InsectSound1000/Halyomorpha_halys/2022530-16-6/000042/2022530-16-6_Halyomorpha_halys_000042_s71_ch1","train"
"2025-06-24 InsectSound1000","InsectSound1000/Halyomorpha_halys/2022530-16-6/000042/2022530-16-6_Halyomorpha_halys_000042_s72_ch1","train"
"2025-06-24 InsectSound1000","InsectSound1000/Halyomorpha_halys/2022530-16-6/000042/2022530-16-6_Halyomorpha_halys_000042_s73_ch1","train"
"2025-06-24 InsectSound1000","InsectSound1000/Halyomorpha_halys/2022530-16-6/000042/2022530-16-6_Halyomorpha_halys_000042_s74_ch1","train"
"2025-06-24 InsectSound1000","InsectSound1000/Halyomorpha_halys/2022530-16-6/000042/2022530-16-6_Halyomorpha_halys_000042_s75_ch1","train"
"2025-06-24 InsectSound1000","InsectSound1000/Halyomorpha_halys/2022530-16-6/000042/2022530-16-6_Halyomorpha_halys_000042_s76_ch1","train"
"2025-06-24 InsectSound1000","InsectSound1000/Halyomorpha_halys/2022530-16-6/000042/2022530-16-6_Halyomorpha_halys_000042_s77_ch1","train"
"2025-06-24 InsectSound1000","InsectSound1000/Halyomorpha_halys/2022530-16-6/000042/2022530-16-6_Halyomorpha_halys_000042_s78_ch1","train"
"2025-06-24 InsectSound1000","InsectSound1000/Halyomorpha_halys/2022524-16-36/000012/2022524-16-36_Halyomorpha_halys_000012_s112_ch0","train"
"2025-06-24 InsectSound1000","InsectSound1000/Halyomorpha_halys/2022421-16-34/000014/2022421-16-34_Halyomorpha_halys_000014_s2_ch1","train"
"2025-06-24 InsectSound1000","InsectSound1000/Halyomorpha_halys/2022524-16-36/000013/2022524-16-36_Halyomorpha_halys_000013_s52_ch1","train"
"2025-06-24 InsectSound1000","InsectSound1000/Halyomorpha_halys/2022524-16-36/000057/2022524-16-36_Halyomorpha_halys_000057_s2_ch0","train"
"2025-06-24 InsectSound1000","InsectSound1000/Halyomorpha_halys/202261-15-3/000000/202261-15-3_Halyomorpha_halys_000000_s8_ch0","train"
"2025-06-24 InsectSound1000","InsectSound1000/Halyomorpha_halys/202261-15-3/000058/202261-15-3_Halyomorpha_halys_000058_s2_ch0","train"
"2025-06-24 InsectSound1000","InsectSound1000/Halyomorpha_halys/2022524-16-36/000018/2022524-16-36_Halyomorpha_halys_000018_s62_ch1","train"
"2025-06-24 InsectSound1000","InsectSound1000/Halyomorpha_halys/202261-15-3/000015/202261-15-3_Halyomorpha_halys_000015_s53_ch0","train"
"2025-06-24 InsectSound1000","InsectSound1000/Halyomorpha_halys/2022421-16-34/000037/2022421-16-34_Halyomorpha_halys_000037_s9_ch3","train"
"2025-06-24 InsectSound1000","InsectSound1000/Halyomorpha_halys/202261-15-3/000017/202261-15-3_Halyomorpha_halys_000017_s8_ch0","train"
"2025-06-24 InsectSound1000","InsectSound1000/Halyomorpha_halys/2022421-16-34/000015/2022421-16-34_Halyomorpha_halys_000015_s50_ch3","train"
"2025-06-24 InsectSound1000","InsectSound1000/Halyomorpha_halys/2022524-16-36/000009/2022524-16-36_Halyomorpha_halys_000009_s144_ch0","train"
"2025-06-24 InsectSound1000","InsectSound1000/Halyomorpha_halys/2022421-16-34/000013/2022421-16-34_Halyomorpha_halys_000013_s56_ch1","train"
"2025-06-24 InsectSound1000","InsectSound1000/Halyomorpha_halys/202261-15-3/000020/202261-15-3_Halyomorpha_halys_000020_s77_ch0","train"
"2025-06-24 InsectSound1000","InsectSound1000/Halyomorpha_halys/2022524-16-36/000056/2022524-16-36_Halyomorpha_halys_000056_s7_ch0","train"
"2025-06-24 InsectSound1000","InsectSound1000/Halyomorpha_halys/2022524-16-36/000007/2022524-16-36_Halyomorpha_halys_000007_s54_ch0","train"
"2025-06-24 InsectSound1000","InsectSound1000/Halyomorpha_halys/2022524-16-36/000014/2022524-16-36_Halyomorpha_halys_000014_s178_ch0","train"
"2025-06-24 InsectSound1000","InsectSound1000/Halyomorpha_halys/2022530-16-6/000043/2022530-16-6_Halyomorpha_halys_000043_s64_ch0","train"
"2025-06-24 InsectSound1000","InsectSound1000/Halyomorpha_halys/2022530-16-6/000056/2022530-16-6_Halyomorpha_halys_000056_s72_ch0","train"
"2025-06-24 InsectSound1000","InsectSound1000/Halyomorpha_halys/2022530-16-6/000057/2022530-16-6_Halyomorpha_halys_000057_s74_ch0","train"
"2025-06-24 InsectSound1000","InsectSound1000/Halyomorpha_halys/202261-15-3/000056/202261-15-3_Halyomorpha_halys_000056_s69_ch0","train"
"2025-06-24 InsectSound1000","InsectSound1000/Halyomorpha_halys/202261-15-3/000007/202261-15-3_Halyomorpha_halys_000007_s17_ch0","train"
"2025-06-24 InsectSound1000","InsectSound1000/Halyomorpha_halys/2022524-16-36/000033/2022524-16-36_Halyomorpha_halys_000033_s38_ch1","train"
"2025-06-24 InsectSound1000","InsectSound1000/Halyomorpha_halys/2022530-16-6/000013/2022530-16-6_Halyomorpha_halys_000013_s70_ch0","train"
"2025-06-24 InsectSound1000","InsectSound1000/Halyomorpha_halys/2022530-16-6/000012/2022530-16-6_Halyomorpha_halys_000012_s126_ch0","train"
"2025-06-24 InsectSound1000","InsectSound1000/Halyomorpha_halys/2022524-16-36/000045/2022524-16-36_Halyomorpha_halys_000045_s26_ch1","train"
"2025-06-24 InsectSound1000","InsectSound1000/Halyomorpha_halys/202261-15-3/000021/202261-15-3_Halyomorpha_halys_000021_s11_ch0","train"
"2025-06-24 InsectSound1000","InsectSound1000/Halyomorpha_halys/2022524-16-36/000015/2022524-16-36_Halyomorpha_halys_000015_s31_ch2","train"
"2025-06-24 InsectSound1000","InsectSound1000/Halyomorpha_halys/2022524-16-36/000055/2022524-16-36_Halyomorpha_halys_000055_s12_ch0","train"
"2025-06-24 InsectSound1000","InsectSound1000/Halyomorpha_halys/2022530-16-6/000012/2022530-16-6_Halyomorpha_halys_000012_s129_ch0","train"
"2025-06-24 InsectSound1000","InsectSound1000/Halyomorpha_halys/2022530-16-6/000007/2022530-16-6_Halyomorpha_halys_000007_s48_ch0","train"
"2025-06-24 InsectSound1000","InsectSound1000/Halyomorpha_halys/2022530-16-6/000061/2022530-16-6_Halyomorpha_halys_000061_s48_ch3","train"
"2025-06-24 InsectSound1000","InsectSound1000/Halyomorpha_halys/202261-15-3/000050/202261-15-3_Halyomorpha_halys_000050_s36_ch0","train"
"2025-06-24 InsectSound1000","InsectSound1000/Halyomorpha_halys/2022524-16-36/000037/2022524-16-36_Halyomorpha_halys_000037_s32_ch0","train"
"2025-06-24 InsectSound1000","InsectSound1000/Halyomorpha_halys/202261-15-3/000029/202261-15-3_Halyomorpha_halys_000029_s14_ch0","train"
"2025-06-24 InsectSound1000","InsectSound1000/Halyomorpha_halys/2022530-16-6/000013/2022530-16-6_Halyomorpha_halys_000013_s7_ch0","train"
"2025-06-24 InsectSound1000","InsectSound1000/Halyomorpha_halys/2022421-16-34/000015/2022421-16-34_Halyomorpha_halys_000015_s32_ch3","train"
"2025-06-24 InsectSound1000","InsectSound1000/Halyomorpha_halys/2022524-16-36/000061/2022524-16-36_Halyomorpha_halys_000061_s55_ch0","train"
"2025-06-24 InsectSound1000","InsectSound1000/Halyomorpha_halys/202261-15-3/000050/202261-15-3_Halyomorpha_halys_000050_s12_ch0","train"
"2025-06-24 InsectSound1000","InsectSound1000/Halyomorpha_halys/2022524-16-36/000020/2022524-16-36_Halyomorpha_halys_000020_s89_ch0","train"
"2025-06-24 InsectSound1000","InsectSound1000/Halyomorpha_halys/2022421-16-34/000013/2022421-16-34_Halyomorpha_halys_000013_s41_ch1","train"
"2025-06-24 InsectSound1000","InsectSound1000/Halyomorpha_halys/2022421-8-56/000002/2022421-8-56_Halyomorpha_halys_000002_s101_ch0","train"
"2025-06-24 InsectSound1000","InsectSound1000/Halyomorpha_halys/2022421-16-34/000011/2022421-16-34_Halyomorpha_halys_000011_s56_ch3","train"
"2025-06-24 InsectSound1000","InsectSound1000/Halyomorpha_halys/2022421-16-34/000047/2022421-16-34_Halyomorpha_halys_000047_s8_ch0","train"
"2025-06-24 InsectSound1000","InsectSound1000/Halyomorpha_halys/2022530-16-6/000016/2022530-16-6_Halyomorpha_halys_000016_s24_ch0","train"
"2025-06-24 InsectSound1000","InsectSound1000/Halyomorpha_halys/2022530-16-6/000057/2022530-16-6_Halyomorpha_halys_000057_s97_ch0","train"
"2025-06-24 InsectSound1000","InsectSound1000/Halyomorpha_halys/2022524-16-36/000039/2022524-16-36_Halyomorpha_halys_000039_s35_ch0","train"
"2025-06-24 InsectSound1000","InsectSound1000/Halyomorpha_halys/2022530-16-6/000020/2022530-16-6_Halyomorpha_halys_000020_s56_ch0","train"
"2025-06-24 InsectSound1000","InsectSound1000/Halyomorpha_halys/2022530-16-6/000020/2022530-16-6_Halyomorpha_halys_000020_s63_ch0","train"
"2025-06-24 InsectSound1000","InsectSound1000/Halyomorpha_halys/2022530-16-6/000041/2022530-16-6_Halyomorpha_halys_000041_s40_ch0","train"
"2025-06-24 InsectSound1000","InsectSound1000/Halyomorpha_halys/2022421-16-34/000010/2022421-16-34_Halyomorpha_halys_000010_s35_ch1","train"
"2025-06-24 InsectSound1000","InsectSound1000/Halyomorpha_halys/2022524-16-36/000007/2022524-16-36_Halyomorpha_halys_000007_s116_ch0","train"
"2025-06-24 InsectSound1000","InsectSound1000/Halyomorpha_halys/202261-15-3/000028/202261-15-3_Halyomorpha_halys_000028_s7_ch1","train"
"2025-06-24 InsectSound1000","InsectSound1000/Halyomorpha_halys/2022531-16-10/000001/2022531-16-10_Halyomorpha_halys_000001_s79_ch0","train"
"2025-06-24 InsectSound1000","InsectSound1000/Halyomorpha_halys/2022531-16-10/000001/2022531-16-10_Halyomorpha_halys_000001_s18_ch0","train"
"2025-06-24 InsectSound1000","InsectSound1000/Halyomorpha_halys/2022531-16-10/000001/2022531-16-10_Halyomorpha_halys_000001_s7_ch0","train"
"2025-06-24 InsectSound1000","InsectSound1000/Halyomorpha_halys/2022531-16-10/000001/2022531-16-10_Halyomorpha_halys_000001_s41_ch0","train"
"2025-06-24 InsectSound1000","InsectSound1000/Halyomorpha_halys/2022531-16-10/000001/2022531-16-10_Halyomorpha_halys_000001_s82_ch0","train"
"2025-06-24 InsectSound1000","InsectSound1000/Halyomorpha_halys/2022531-16-10/000001/2022531-16-10_Halyomorpha_halys_000001_s9_ch0","train"
"2025-06-24 InsectSound1000","InsectSound1000/Halyomorpha_halys/2022531-16-10/000001/2022531-16-10_Halyomorpha_halys_000001_s21_ch0","train"
"2025-06-24 InsectSound1000","InsectSound1000/Halyomorpha_halys/2022531-16-10/000000/2022531-16-10_Halyomorpha_halys_000000_s1_ch0","train"
"2025-06-24 InsectSound1000","InsectSound1000/Halyomorpha_halys/2022524-16-36/000034/2022524-16-36_Halyomorpha_halys_000034_s6_ch0","train"
"2025-06-24 InsectSound1000","InsectSound1000/Halyomorpha_halys/2022524-16-36/000034/2022524-16-36_Halyomorpha_halys_000034_s25_ch0","train"
"2025-06-24 InsectSound1000","InsectSound1000/Halyomorpha_halys/2022524-16-36/000034/2022524-16-36_Halyomorpha_halys_000034_s8_ch0","train"
"2025-06-24 InsectSound1000","InsectSound1000/Halyomorpha_halys/2022524-16-36/000033/2022524-16-36_Halyomorpha_halys_000033_s66_ch1","train"
"2025-06-24 InsectSound1000","InsectSound1000/Halyomorpha_halys/2022524-16-36/000033/2022524-16-36_Halyomorpha_halys_000033_s39_ch1","train"
"2025-06-24 InsectSound1000","InsectSound1000/Halyomorpha_halys/2022524-16-36/000005/2022524-16-36_Halyomorpha_halys_000005_s40_ch0","train"
"2025-06-24 InsectSound1000","InsectSound1000/Halyomorpha_halys/2022524-16-36/000005/2022524-16-36_Halyomorpha_halys_000005_s32_ch0","train"
"2025-06-24 InsectSound1000","InsectSound1000/Halyomorpha_halys/2022524-16-36/000005/2022524-16-36_Halyomorpha_halys_000005_s39_ch0","train"
"2025-06-24 InsectSound1000","InsectSound1000/Halyomorpha_halys/2022524-16-36/000005/2022524-16-36_Halyomorpha_halys_000005_s64_ch0","train"
"2025-06-24 InsectSound1000","InsectSound1000/Halyomorpha_halys/2022524-16-36/000005/2022524-16-36_Halyomorpha_halys_000005_s88_ch0","train"
"2025-06-24 InsectSound1000","InsectSound1000/Halyomorpha_halys/2022524-16-36/000005/2022524-16-36_Halyomorpha_halys_000005_s38_ch0","train"
"2025-06-24 InsectSound1000","InsectSound1000/Halyomorpha_halys/2022524-16-36/000005/2022524-16-36_Halyomorpha_halys_000005_s70_ch0","train"
"2025-06-24 InsectSound1000","InsectSound1000/Halyomorpha_halys/2022524-16-36/000005/2022524-16-36_Halyomorpha_halys_000005_s69_ch0","train"
"2025-06-24 InsectSound1000","InsectSound1000/Halyomorpha_halys/2022524-16-36/000005/2022524-16-36_Halyomorpha_halys_000005_s146_ch0","train"
"2025-06-24 InsectSound1000","InsectSound1000/Halyomorpha_halys/2022524-16-36/000005/2022524-16-36_Halyomorpha_halys_000005_s56_ch0","train"
"2025-06-24 InsectSound1000","InsectSound1000/Halyomorpha_halys/2022524-16-36/000005/2022524-16-36_Halyomorpha_halys_000005_s68_ch0","train"
"2025-06-24 InsectSound1000","InsectSound1000/Halyomorpha_halys/2022524-16-36/000005/2022524-16-36_Halyomorpha_halys_000005_s145_ch0","train"
"2025-06-24 InsectSound1000","InsectSound1000/Halyomorpha_halys/2022524-16-36/000005/2022524-16-36_Halyomorpha_halys_000005_s45_ch0","train"
"2025-06-24 InsectSound1000","InsectSound1000/Halyomorpha_halys/2022524-16-36/000005/2022524-16-36_Halyomorpha_halys_000005_s118_ch0","train"
"2025-06-24 InsectSound1000","InsectSound1000/Halyomorpha_halys/2022524-16-36/000005/2022524-16-36_Halyomorpha_halys_000005_s63_ch0","train"
"2025-06-24 InsectSound1000","InsectSound1000/Halyomorpha_halys/2022524-16-36/000005/2022524-16-36_Halyomorpha_halys_000005_s97_ch0","train"
"2025-06-24 InsectSound1000","InsectSound1000/Halyomorpha_halys/2022524-16-36/000002/2022524-16-36_Halyomorpha_halys_000002_s19_ch1","train"
"2025-06-24 InsectSound1000","InsectSound1000/Halyomorpha_halys/2022524-16-36/000067/2022524-16-36_Halyomorpha_halys_000067_s86_ch0","train"
"2025-06-24 InsectSound1000","InsectSound1000/Halyomorpha_halys/2022524-16-36/000067/2022524-16-36_Halyomorpha_halys_000067_s28_ch0","train"
"2025-06-24 InsectSound1000","InsectSound1000/Halyomorpha_halys/2022524-16-36/000060/2022524-16-36_Halyomorpha_halys_000060_s43_ch0","train"
"2025-06-24 InsectSound1000","InsectSound1000/Halyomorpha_halys/2022524-16-36/000003/2022524-16-36_Halyomorpha_halys_000003_s7_ch0","train"
"2025-06-24 InsectSound1000","InsectSound1000/Halyomorpha_halys/2022524-16-36/000004/2022524-16-36_Halyomorpha_halys_000004_s45_ch0","train"
"2025-06-24 InsectSound1000","InsectSound1000/Halyomorpha_halys/2022524-16-36/000004/2022524-16-36_Halyomorpha_halys_000004_s77_ch0","train"
"2025-06-24 InsectSound1000","InsectSound1000/Halyomorpha_halys/2022524-16-36/000032/2022524-16-36_Halyomorpha_halys_000032_s4_ch1","train"
"2025-06-24 InsectSound1000","InsectSound1000/Halyomorpha_halys/2022524-16-36/000035/2022524-16-36_Halyomorpha_halys_000035_s84_ch1","train"
"2025-06-24 InsectSound1000","InsectSound1000/Halyomorpha_halys/2022524-16-36/000035/2022524-16-36_Halyomorpha_halys_000035_s88_ch1","train"
"2025-06-24 InsectSound1000","InsectSound1000/Halyomorpha_halys/2022524-16-36/000035/2022524-16-36_Halyomorpha_halys_000035_s14_ch1","train"
"2025-06-24 InsectSound1000","InsectSound1000/Halyomorpha_halys/2022524-16-36/000061/2022524-16-36_Halyomorpha_halys_000061_s13_ch0","train"
"2025-06-24 InsectSound1000","InsectSound1000/Halyomorpha_halys/2022524-16-36/000061/2022524-16-36_Halyomorpha_halys_000061_s124_ch0","train"
"2025-06-24 InsectSound1000","InsectSound1000/Halyomorpha_halys/2022524-16-36/000061/2022524-16-36_Halyomorpha_halys_000061_s118_ch0","train"
"2025-06-24 InsectSound1000","InsectSound1000/Halyomorpha_halys/2022524-16-36/000059/2022524-16-36_Halyomorpha_halys_000059_s24_ch0","train"
"2025-06-24 InsectSound1000","InsectSound1000/Halyomorpha_halys/2022524-16-36/000044/2022524-16-36_Halyomorpha_halys_000044_s23_ch1","train"
"2025-06-24 InsectSound1000","InsectSound1000/Halyomorpha_halys/2022524-16-36/000044/2022524-16-36_Halyomorpha_halys_000044_s24_ch1","train"
"2025-06-24 InsectSound1000","InsectSound1000/Halyomorpha_halys/2022524-16-36/000007/2022524-16-36_Halyomorpha_halys_000007_s174_ch0","train"
"2025-06-24 InsectSound1000","InsectSound1000/Halyomorpha_halys/2022524-16-36/000007/2022524-16-36_Halyomorpha_halys_000007_s41_ch0","train"
"2025-06-24 InsectSound1000","InsectSound1000/Halyomorpha_halys/202261-15-3/000001/202261-15-3_Halyomorpha_halys_000001_s32_ch0","train"
"2025-06-24 InsectSound1000","InsectSound1000/Halyomorpha_halys/2022524-16-36/000010/2022524-16-36_Halyomorpha_halys_000010_s84_ch3","train"
"2025-06-24 InsectSound1000","InsectSound1000/Halyomorpha_halys/202261-15-3/000019/202261-15-3_Halyomorpha_halys_000019_s59_ch0","train"
"2025-06-24 InsectSound1000","InsectSound1000/Halyomorpha_halys/202261-15-3/000018/202261-15-3_Halyomorpha_halys_000018_s36_ch0","train"
"2025-06-24 InsectSound1000","InsectSound1000/Halyomorpha_halys/2022524-16-36/000011/2022524-16-36_Halyomorpha_halys_000011_s78_ch1","train"
"2025-06-24 InsectSound1000","InsectSound1000/Halyomorpha_halys/2022421-16-34/000048/2022421-16-34_Halyomorpha_halys_000048_s1_ch0","train"
"2025-06-24 InsectSound1000","InsectSound1000/Halyomorpha_halys/2022530-16-6/000024/2022530-16-6_Halyomorpha_halys_000024_s26_ch3","train"
"2025-06-24 InsectSound1000","InsectSound1000/Halyomorpha_halys/2022425-18-24/000000/2022425-18-24_Halyomorpha_halys_000000_s1_ch0","train"
"2025-06-24 InsectSound1000","InsectSound1000/Halyomorpha_halys/2022524-16-36/000025/2022524-16-36_Halyomorpha_halys_000025_s39_ch3","train"
"2025-06-24 InsectSound1000","InsectSound1000/Halyomorpha_halys/2022421-16-34/000004/2022421-16-34_Halyomorpha_halys_000004_s89_ch0","train"
"2025-06-24 InsectSound1000","InsectSound1000/Halyomorpha_halys/2022421-16-34/000022/2022421-16-34_Halyomorpha_halys_000022_s3_ch0","train"
"2025-06-24 InsectSound1000","InsectSound1000/Halyomorpha_halys/2022524-16-36/000016/2022524-16-36_Halyomorpha_halys_000016_s110_ch0","train"
"2025-06-24 InsectSound1000","InsectSound1000/Halyomorpha_halys/2022530-16-6/000000/2022530-16-6_Halyomorpha_halys_000000_s4_ch0","train"
"2025-06-24 InsectSound1000","InsectSound1000/Halyomorpha_halys/2022421-16-34/000003/2022421-16-34_Halyomorpha_halys_000003_s11_ch0","train"
"2025-06-24 InsectSound1000","InsectSound1000/Halyomorpha_halys/2022524-16-36/000025/2022524-16-36_Halyomorpha_halys_000025_s161_ch3","train"
"2025-06-24 InsectSound1000","InsectSound1000/Halyomorpha_halys/2022524-16-36/000009/2022524-16-36_Halyomorpha_halys_000009_s25_ch0","train"
"2025-06-24 InsectSound1000","InsectSound1000/Halyomorpha_halys/2022524-16-36/000023/2022524-16-36_Halyomorpha_halys_000023_s102_ch1","train"
"2025-06-24 InsectSound1000","InsectSound1000/Halyomorpha_halys/2022421-16-34/000035/2022421-16-34_Halyomorpha_halys_000035_s2_ch0","train"
"2025-06-24 InsectSound1000","InsectSound1000/Halyomorpha_halys/2022524-16-36/000008/2022524-16-36_Halyomorpha_halys_000008_s29_ch0","train"
"2025-06-24 InsectSound1000","InsectSound1000/Halyomorpha_halys/2022421-16-34/000005/2022421-16-34_Halyomorpha_halys_000005_s62_ch1","train"
"2025-06-24 InsectSound1000","InsectSound1000/Halyomorpha_halys/2022530-16-6/000013/2022530-16-6_Halyomorpha_halys_000013_s4_ch0","train"
"2025-06-24 InsectSound1000","InsectSound1000/Halyomorpha_halys/202261-15-3/000009/202261-15-3_Halyomorpha_halys_000009_s57_ch0","train"
"2025-06-24 InsectSound1000","InsectSound1000/Halyomorpha_halys/2022530-16-6/000052/2022530-16-6_Halyomorpha_halys_000052_s12_ch0","train"
"2025-06-24 InsectSound1000","InsectSound1000/Halyomorpha_halys/2022421-16-34/000009/2022421-16-34_Halyomorpha_halys_000009_s111_ch0","train"
"2025-06-24 InsectSound1000","InsectSound1000/Halyomorpha_halys/2022524-16-36/000009/2022524-16-36_Halyomorpha_halys_000009_s109_ch0","train"
"2025-06-24 InsectSound1000","InsectSound1000/Halyomorpha_halys/2022524-16-36/000006/2022524-16-36_Halyomorpha_halys_000006_s122_ch0","train"
"2025-06-24 InsectSound1000","InsectSound1000/Halyomorpha_halys/2022524-16-36/000062/2022524-16-36_Halyomorpha_halys_000062_s25_ch0","train"
"2025-06-24 InsectSound1000","InsectSound1000/Halyomorpha_halys/2022421-16-34/000014/2022421-16-34_Halyomorpha_halys_000014_s50_ch1","train"
"2025-06-24 InsectSound1000","InsectSound1000/Halyomorpha_halys/202261-15-3/000051/202261-15-3_Halyomorpha_halys_000051_s58_ch0","train"
"2025-06-24 InsectSound1000","InsectSound1000/Halyomorpha_halys/2022421-16-34/000028/2022421-16-34_Halyomorpha_halys_000028_s60_ch0","train"
"2025-06-24 InsectSound1000","InsectSound1000/Halyomorpha_halys/2022530-16-6/000015/2022530-16-6_Halyomorpha_halys_000015_s7_ch0","train"
"2025-06-24 InsectSound1000","InsectSound1000/Halyomorpha_halys/202261-15-3/000009/202261-15-3_Halyomorpha_halys_000009_s49_ch0","train"
"2025-06-24 InsectSound1000","InsectSound1000/Halyomorpha_halys/2022524-16-36/000006/2022524-16-36_Halyomorpha_halys_000006_s110_ch0","train"
"2025-06-24 InsectSound1000","InsectSound1000/Halyomorpha_halys/2022524-16-36/000007/2022524-16-36_Halyomorpha_halys_000007_s135_ch0","train"
"2025-06-24 InsectSound1000","InsectSound1000/Halyomorpha_halys/2022421-16-34/000016/2022421-16-34_Halyomorpha_halys_000016_s25_ch3","train"
"2025-06-24 InsectSound1000","InsectSound1000/Halyomorpha_halys/2022524-16-36/000010/2022524-16-36_Halyomorpha_halys_000010_s167_ch3","train"
"2025-06-24 InsectSound1000","InsectSound1000/Halyomorpha_halys/2022421-16-34/000003/2022421-16-34_Halyomorpha_halys_000003_s23_ch0","train"
"2025-06-24 InsectSound1000","InsectSound1000/Halyomorpha_halys/2022421-16-34/000049/2022421-16-34_Halyomorpha_halys_000049_s53_ch0","train"
"2025-06-24 InsectSound1000","InsectSound1000/Halyomorpha_halys/2022530-16-6/000017/2022530-16-6_Halyomorpha_halys_000017_s19_ch3","train"
"2025-06-24 InsectSound1000","InsectSound1000/Halyomorpha_halys/2022524-16-36/000008/2022524-16-36_Halyomorpha_halys_000008_s123_ch0","train"
"2025-06-24 InsectSound1000","InsectSound1000/Halyomorpha_halys/202261-15-3/000002/202261-15-3_Halyomorpha_halys_000002_s55_ch0","train"
"2025-06-24 InsectSound1000","InsectSound1000/Halyomorpha_halys/2022524-16-36/000013/2022524-16-36_Halyomorpha_halys_000013_s8_ch1","train"
"2025-06-24 InsectSound1000","InsectSound1000/Halyomorpha_halys/2022524-16-36/000039/2022524-16-36_Halyomorpha_halys_000039_s51_ch0","train"
"2025-06-24 InsectSound1000","InsectSound1000/Halyomorpha_halys/2022530-16-6/000057/2022530-16-6_Halyomorpha_halys_000057_s88_ch0","train"
"2025-06-24 InsectSound1000","InsectSound1000/Halyomorpha_halys/2022524-16-36/000011/2022524-16-36_Halyomorpha_halys_000011_s29_ch1","train"
"2025-06-24 InsectSound1000","InsectSound1000/Halyomorpha_halys/2022530-16-6/000041/2022530-16-6_Halyomorpha_halys_000041_s54_ch0","train"
"2025-06-24 InsectSound1000","InsectSound1000/Halyomorpha_halys/2022524-16-36/000062/2022524-16-36_Halyomorpha_halys_000062_s137_ch0","train"
"2025-06-24 InsectSound1000","InsectSound1000/Halyomorpha_halys/2022530-16-6/000013/2022530-16-6_Halyomorpha_halys_000013_s49_ch0","train"
"2025-06-24 InsectSound1000","InsectSound1000/Halyomorpha_halys/2022530-16-6/000004/2022530-16-6_Halyomorpha_halys_000004_s19_ch0","train"
"2025-06-24 InsectSound1000","InsectSound1000/Halyomorpha_halys/2022530-16-6/000017/2022530-16-6_Halyomorpha_halys_000017_s17_ch3","train"
"2025-06-24 InsectSound1000","InsectSound1000/Halyomorpha_halys/2022524-16-36/000011/2022524-16-36_Halyomorpha_halys_000011_s27_ch1","train"
"2025-06-24 InsectSound1000","InsectSound1000/Halyomorpha_halys/2022530-16-6/000014/2022530-16-6_Halyomorpha_halys_000014_s125_ch3","train"
"2025-06-24 InsectSound1000","InsectSound1000/Halyomorpha_halys/2022524-16-36/000012/2022524-16-36_Halyomorpha_halys_000012_s82_ch0","train"
"2025-06-24 InsectSound1000","InsectSound1000/Halyomorpha_halys/2022421-16-34/000068/2022421-16-34_Halyomorpha_halys_000068_s20_ch0","train"
"2025-06-24 InsectSound1000","InsectSound1000/Halyomorpha_halys/2022421-16-34/000016/2022421-16-34_Halyomorpha_halys_000016_s18_ch3","train"
"2025-06-24 InsectSound1000","InsectSound1000/Halyomorpha_halys/2022530-16-6/000057/2022530-16-6_Halyomorpha_halys_000057_s100_ch0","train"
"2025-06-24 InsectSound1000","InsectSound1000/Halyomorpha_halys/2022530-16-6/000014/2022530-16-6_Halyomorpha_halys_000014_s82_ch3","train"
"2025-06-24 InsectSound1000","InsectSound1000/Halyomorpha_halys/2022421-16-34/000049/2022421-16-34_Halyomorpha_halys_000049_s24_ch0","train"
"2025-06-24 InsectSound1000","InsectSound1000/Halyomorpha_halys/2022524-16-36/000015/2022524-16-36_Halyomorpha_halys_000015_s182_ch2","train"
"2025-06-24 InsectSound1000","InsectSound1000/Halyomorpha_halys/2022524-16-36/000008/2022524-16-36_Halyomorpha_halys_000008_s62_ch0","train"
"2025-06-24 InsectSound1000","InsectSound1000/Halyomorpha_halys/202261-15-3/000033/202261-15-3_Halyomorpha_halys_000033_s23_ch3","train"
"2025-06-24 InsectSound1000","InsectSound1000/Halyomorpha_halys/2022530-16-6/000061/2022530-16-6_Halyomorpha_halys_000061_s17_ch3","train"
"2025-06-24 InsectSound1000","InsectSound1000/Halyomorpha_halys/2022530-16-6/000058/2022530-16-6_Halyomorpha_halys_000058_s58_ch0","train"
"2025-06-24 InsectSound1000","InsectSound1000/Halyomorpha_halys/202261-15-3/000029/202261-15-3_Halyomorpha_halys_000029_s11_ch0","train"
"2025-06-24 InsectSound1000","InsectSound1000/Halyomorpha_halys/2022524-16-36/000010/2022524-16-36_Halyomorpha_halys_000010_s132_ch3","train"
"2025-06-24 InsectSound1000","InsectSound1000/Halyomorpha_halys/2022530-16-6/000017/2022530-16-6_Halyomorpha_halys_000017_s77_ch3","train"
"2025-06-24 InsectSound1000","InsectSound1000/Halyomorpha_halys/2022530-16-6/000006/2022530-16-6_Halyomorpha_halys_000006_s55_ch0","train"
"2025-06-24 InsectSound1000","InsectSound1000/Halyomorpha_halys/2022524-16-36/000021/2022524-16-36_Halyomorpha_halys_000021_s118_ch0","train"
"2025-06-24 InsectSound1000","InsectSound1000/Halyomorpha_halys/202261-15-3/000001/202261-15-3_Halyomorpha_halys_000001_s18_ch0","train"
"2025-06-24 InsectSound1000","InsectSound1000/Halyomorpha_halys/2022524-16-36/000022/2022524-16-36_Halyomorpha_halys_000022_s126_ch1","train"
"2025-06-24 InsectSound1000","InsectSound1000/Halyomorpha_halys/2022425-18-24/000014/2022425-18-24_Halyomorpha_halys_000014_s4_ch0","train"
"2025-06-24 InsectSound1000","InsectSound1000/Halyomorpha_halys/2022524-16-36/000017/2022524-16-36_Halyomorpha_halys_000017_s4_ch0","train"
"2025-06-24 InsectSound1000","InsectSound1000/Halyomorpha_halys/2022530-16-6/000025/2022530-16-6_Halyomorpha_halys_000025_s90_ch0","train"
"2025-06-24 InsectSound1000","InsectSound1000/Halyomorpha_halys/2022530-16-6/000052/2022530-16-6_Halyomorpha_halys_000052_s10_ch0","train"
"2025-06-24 InsectSound1000","InsectSound1000/Halyomorpha_halys/2022421-16-34/000001/2022421-16-34_Halyomorpha_halys_000001_s34_ch3","train"
"2025-06-24 InsectSound1000","InsectSound1000/Halyomorpha_halys/2022530-16-6/000061/2022530-16-6_Halyomorpha_halys_000061_s19_ch3","train"
"2025-06-24 InsectSound1000","InsectSound1000/Halyomorpha_halys/2022530-16-6/000058/2022530-16-6_Halyomorpha_halys_000058_s45_ch0","train"
"2025-06-24 InsectSound1000","InsectSound1000/Halyomorpha_halys/2022524-16-36/000007/2022524-16-36_Halyomorpha_halys_000007_s165_ch0","train"
"2025-06-24 InsectSound1000","InsectSound1000/Halyomorpha_halys/2022421-16-34/000014/2022421-16-34_Halyomorpha_halys_000014_s54_ch1","train"
"2025-06-24 InsectSound1000","InsectSound1000/Halyomorpha_halys/2022524-16-36/000028/2022524-16-36_Halyomorpha_halys_000028_s75_ch1","train"
"2025-06-24 InsectSound1000","InsectSound1000/Halyomorpha_halys/2022524-16-36/000028/2022524-16-36_Halyomorpha_halys_000028_s161_ch1","train"
"2025-06-24 InsectSound1000","InsectSound1000/Nezara_viridula/2022523-16-40/000005/2022523-16-40_Nezara_viridula_000005_s10_ch0","train"
"2025-06-24 InsectSound1000","InsectSound1000/Nezara_viridula/2022523-16-40/000004/2022523-16-40_Nezara_viridula_000004_s16_ch0","train"
"2025-06-24 InsectSound1000","InsectSound1000/Nezara_viridula/2022523-16-40/000032/2022523-16-40_Nezara_viridula_000032_s11_ch3","train"
"2025-06-24 InsectSound1000","InsectSound1000/Nezara_viridula/2022523-16-40/000066/2022523-16-40_Nezara_viridula_000066_s25_ch0","train"
"2025-06-24 InsectSound1000","InsectSound1000/Nezara_viridula/2022523-16-40/000066/2022523-16-40_Nezara_viridula_000066_s21_ch0","train"
"2025-06-24 InsectSound1000","InsectSound1000/Nezara_viridula/2022523-16-40/000066/2022523-16-40_Nezara_viridula_000066_s17_ch0","train"
"2025-06-24 InsectSound1000","InsectSound1000/Nezara_viridula/2022523-16-40/000066/2022523-16-40_Nezara_viridula_000066_s16_ch0","train"
"2025-06-24 InsectSound1000","InsectSound1000/Nezara_viridula/2022523-16-40/000066/2022523-16-40_Nezara_viridula_000066_s20_ch0","train"
"2025-06-24 InsectSound1000","InsectSound1000/Nezara_viridula/2022523-16-40/000066/2022523-16-40_Nezara_viridula_000066_s22_ch0","train"
"2025-06-24 InsectSound1000","InsectSound1000/Nezara_viridula/2022523-16-40/000066/2022523-16-40_Nezara_viridula_000066_s33_ch0","train"
"2025-06-24 InsectSound1000","InsectSound1000/Nezara_viridula/2022523-16-40/000010/2022523-16-40_Nezara_viridula_000010_s9_ch1","train"
"2025-06-24 InsectSound1000","InsectSound1000/Nezara_viridula/2022523-16-40/000010/2022523-16-40_Nezara_viridula_000010_s13_ch1","train"
"2025-06-24 InsectSound1000","InsectSound1000/Nezara_viridula/2022523-16-40/000010/2022523-16-40_Nezara_viridula_000010_s12_ch1","train"
"2025-06-24 InsectSound1000","InsectSound1000/Nezara_viridula/2022523-16-40/000010/2022523-16-40_Nezara_viridula_000010_s8_ch1","train"
"2025-06-24 InsectSound1000","InsectSound1000/Nezara_viridula/2022523-16-40/000010/2022523-16-40_Nezara_viridula_000010_s79_ch1","train"
"2025-06-24 InsectSound1000","InsectSound1000/Nezara_viridula/2022523-16-40/000010/2022523-16-40_Nezara_viridula_000010_s10_ch1","train"
"2025-06-24 InsectSound1000","InsectSound1000/Nezara_viridula/2022523-16-40/000010/2022523-16-40_Nezara_viridula_000010_s11_ch1","train"
"2025-06-24 InsectSound1000","InsectSound1000/Nezara_viridula/2022523-16-40/000010/2022523-16-40_Nezara_viridula_000010_s7_ch1","train"
"2025-06-24 InsectSound1000","InsectSound1000/Nezara_viridula/2022523-16-40/000010/2022523-16-40_Nezara_viridula_000010_s15_ch1","train"
"2025-06-24 InsectSound1000","InsectSound1000/Nezara_viridula/2022523-16-40/000019/2022523-16-40_Nezara_viridula_000019_s4_ch0","train"
"2025-06-24 InsectSound1000","InsectSound1000/Nezara_viridula/2022512-17-17/000000/2022512-17-17_Nezara_viridula_000000_s52_ch0","train"
"2025-06-24 InsectSound1000","InsectSound1000/Nezara_viridula/2022511-18-10/000023/2022511-18-10_Nezara_viridula_000023_s150_ch2","train"
"2025-06-24 InsectSound1000","InsectSound1000/Nezara_viridula/202262-15-28/000008/202262-15-28_Nezara_viridula_000008_s64_ch0","train"
"2025-06-24 InsectSound1000","InsectSound1000/Nezara_viridula/2022512-17-17/000031/2022512-17-17_Nezara_viridula_000031_s19_ch0","train"
"2025-06-24 InsectSound1000","InsectSound1000/Nezara_viridula/2022511-18-10/000050/2022511-18-10_Nezara_viridula_000050_s58_ch0","train"
"2025-06-24 InsectSound1000","InsectSound1000/Nezara_viridula/2022511-18-10/000034/2022511-18-10_Nezara_viridula_000034_s38_ch0","train"
"2025-06-24 InsectSound1000","InsectSound1000/Nezara_viridula/2022511-18-10/000036/2022511-18-10_Nezara_viridula_000036_s155_ch0","train"
"2025-06-24 InsectSound1000","InsectSound1000/Nezara_viridula/2022512-17-17/000040/2022512-17-17_Nezara_viridula_000040_s17_ch0","train"
"2025-06-24 InsectSound1000","InsectSound1000/Nezara_viridula/2022613-16-53/000055/2022613-16-53_Nezara_viridula_000055_s122_ch0","train"
"2025-06-24 InsectSound1000","InsectSound1000/Nezara_viridula/202262-15-28/000009/202262-15-28_Nezara_viridula_000009_s26_ch3","train"
"2025-06-24 InsectSound1000","InsectSound1000/Nezara_viridula/2022511-18-10/000025/2022511-18-10_Nezara_viridula_000025_s61_ch0","train"
"2025-06-24 InsectSound1000","InsectSound1000/Nezara_viridula/2022512-17-17/000013/2022512-17-17_Nezara_viridula_000013_s21_ch1","train"
"2025-06-24 InsectSound1000","InsectSound1000/Nezara_viridula/2022512-17-17/000039/2022512-17-17_Nezara_viridula_000039_s43_ch0","train"
"2025-06-24 InsectSound1000","InsectSound1000/Nezara_viridula/2022614-15-44/000033/2022614-15-44_Nezara_viridula_000033_s9_ch0","train"
"2025-06-24 InsectSound1000","InsectSound1000/Nezara_viridula/2022512-17-17/000002/2022512-17-17_Nezara_viridula_000002_s124_ch3","train"
"2025-06-24 InsectSound1000","InsectSound1000/Nezara_viridula/2022511-18-10/000023/2022511-18-10_Nezara_viridula_000023_s29_ch2","train"
"2025-06-24 InsectSound1000","InsectSound1000/Nezara_viridula/2022511-18-10/000050/2022511-18-10_Nezara_viridula_000050_s37_ch0","train"
"2025-06-24 InsectSound1000","InsectSound1000/Nezara_viridula/2022511-18-10/000023/2022511-18-10_Nezara_viridula_000023_s68_ch2","train"
"2025-06-24 InsectSound1000","InsectSound1000/Nezara_viridula/2022511-18-10/000050/2022511-18-10_Nezara_viridula_000050_s38_ch0","train"
"2025-06-24 InsectSound1000","InsectSound1000/Nezara_viridula/2022512-17-17/000028/2022512-17-17_Nezara_viridula_000028_s138_ch0","train"
"2025-06-24 InsectSound1000","InsectSound1000/Nezara_viridula/2022613-16-53/000025/2022613-16-53_Nezara_viridula_000025_s7_ch1","train"
"2025-06-24 InsectSound1000","InsectSound1000/Nezara_viridula/2022511-18-10/000024/2022511-18-10_Nezara_viridula_000024_s116_ch2","train"
"2025-06-24 InsectSound1000","InsectSound1000/Nezara_viridula/2022511-18-10/000036/2022511-18-10_Nezara_viridula_000036_s87_ch0","train"
"2025-06-24 InsectSound1000","InsectSound1000/Nezara_viridula/2022523-16-40/000026/2022523-16-40_Nezara_viridula_000026_s63_ch0","train"
"2025-06-24 InsectSound1000","InsectSound1000/Nezara_viridula/2022511-18-10/000050/2022511-18-10_Nezara_viridula_000050_s100_ch0","train"
"2025-06-24 InsectSound1000","InsectSound1000/Nezara_viridula/2022511-18-10/000018/2022511-18-10_Nezara_viridula_000018_s76_ch0","train"
"2025-06-24 InsectSound1000","InsectSound1000/Nezara_viridula/202262-15-28/000015/202262-15-28_Nezara_viridula_000015_s32_ch0","train"
"2025-06-24 InsectSound1000","InsectSound1000/Nezara_viridula/2022511-18-10/000051/2022511-18-10_Nezara_viridula_000051_s33_ch0","train"
"2025-06-24 InsectSound1000","InsectSound1000/Nezara_viridula/2022511-18-10/000023/2022511-18-10_Nezara_viridula_000023_s160_ch2","train"
"2025-06-24 InsectSound1000","InsectSound1000/Nezara_viridula/2022511-18-10/000048/2022511-18-10_Nezara_viridula_000048_s56_ch0","train"
"2025-06-24 InsectSound1000","InsectSound1000/Nezara_viridula/2022512-17-17/000018/2022512-17-17_Nezara_viridula_000018_s139_ch0","train"
"2025-06-24 InsectSound1000","InsectSound1000/Nezara_viridula/2022512-17-17/000015/2022512-17-17_Nezara_viridula_000015_s110_ch0","train"
"2025-06-24 InsectSound1000","InsectSound1000/Nezara_viridula/2022511-18-10/000025/2022511-18-10_Nezara_viridula_000025_s62_ch0","train"
"2025-06-24 InsectSound1000","InsectSound1000/Nezara_viridula/2022512-17-17/000000/2022512-17-17_Nezara_viridula_000000_s58_ch0","train"
"2025-06-24 InsectSound1000","InsectSound1000/Rhaphigaster_nebulos/2023914-16-48/000002/2023914-16-48_Rhaphigaster_nebulos_000002_s1_ch0","train"
"2025-06-24 InsectSound1000","InsectSound1000/Rhaphigaster_nebulos/2023914-16-48/000002/2023914-16-48_Rhaphigaster_nebulos_000002_s2_ch0","train"
"2025-06-24 InsectSound1000","InsectSound1000/Halyomorpha_halys/2022421-16-34/000001/2022421-16-34_Halyomorpha_halys_000001_s52_ch3","train"
"2025-06-24 InsectSound1000","InsectSound1000/Halyomorpha_halys/2022421-16-34/000005/2022421-16-34_Halyomorpha_halys_000005_s22_ch1","train"
"2025-06-24 InsectSound1000","InsectSound1000/Halyomorpha_halys/2022421-16-34/000005/2022421-16-34_Halyomorpha_halys_000005_s39_ch1","train"
"2025-06-24 InsectSound1000","InsectSound1000/Halyomorpha_halys/2022421-16-34/000010/2022421-16-34_Halyomorpha_halys_000010_s33_ch1","train"
"2025-06-24 InsectSound1000","InsectSound1000/Halyomorpha_halys/2022421-16-34/000010/2022421-16-34_Halyomorpha_halys_000010_s41_ch1","train"
"2025-06-24 InsectSound1000","InsectSound1000/Halyomorpha_halys/2022421-16-34/000012/2022421-16-34_Halyomorpha_halys_000012_s29_ch0","train"
"2025-06-24 InsectSound1000","InsectSound1000/Halyomorpha_halys/2022421-16-34/000025/2022421-16-34_Halyomorpha_halys_000025_s47_ch0","train"
"2025-06-24 InsectSound1000","InsectSound1000/Halyomorpha_halys/2022421-16-34/000028/2022421-16-34_Halyomorpha_halys_000028_s37_ch0","train"
"2025-06-24 InsectSound1000","InsectSound1000/Halyomorpha_halys/2022421-16-34/000052/2022421-16-34_Halyomorpha_halys_000052_s30_ch2","train"
"2025-06-24 InsectSound1000","InsectSound1000/Halyomorpha_halys/2022421-16-34/000067/2022421-16-34_Halyomorpha_halys_000067_s85_ch0","train"
"2025-06-24 InsectSound1000","InsectSound1000/Halyomorpha_halys/2022421-8-56/000001/2022421-8-56_Halyomorpha_halys_000001_s4_ch0","train"
"2025-06-24 InsectSound1000","InsectSound1000/Nezara_viridula/2022523-16-40/000010/2022523-16-40_Nezara_viridula_000010_s3_ch1","train"
"2025-06-24 InsectSound1000","InsectSound1000/Nezara_viridula/2022523-16-40/000010/2022523-16-40_Nezara_viridula_000010_s65_ch1","train"
"2025-06-24 InsectSound1000","InsectSound1000/Nezara_viridula/2022523-16-40/000010/2022523-16-40_Nezara_viridula_000010_s66_ch1","train"
"2025-06-24 InsectSound1000","InsectSound1000/Nezara_viridula/2022523-16-40/000010/2022523-16-40_Nezara_viridula_000010_s67_ch1","train"
"2025-06-24 InsectSound1000","InsectSound1000/Nezara_viridula/2022523-16-40/000066/2022523-16-40_Nezara_viridula_000066_s34_ch0","train"
"2025-06-24 InsectSound1000","InsectSound1000/Halyomorpha_halys/2022524-16-36/000003/2022524-16-36_Halyomorpha_halys_000003_s33_ch0","train"
"2025-06-24 InsectSound1000","InsectSound1000/Halyomorpha_halys/2022524-16-36/000004/2022524-16-36_Halyomorpha_halys_000004_s4_ch0","train"
"2025-06-24 InsectSound1000","InsectSound1000/Halyomorpha_halys/2022524-16-36/000004/2022524-16-36_Halyomorpha_halys_000004_s40_ch0","train"
"2025-06-24 InsectSound1000","InsectSound1000/Halyomorpha_halys/2022524-16-36/000004/2022524-16-36_Halyomorpha_halys_000004_s44_ch0","train"
"2025-06-24 InsectSound1000","InsectSound1000/Halyomorpha_halys/2022524-16-36/000005/2022524-16-36_Halyomorpha_halys_000005_s104_ch0","train"
"2025-06-24 InsectSound1000","InsectSound1000/Halyomorpha_halys/2022524-16-36/000005/2022524-16-36_Halyomorpha_halys_000005_s161_ch0","train"
"2025-06-24 InsectSound1000","InsectSound1000/Halyomorpha_halys/2022524-16-36/000005/2022524-16-36_Halyomorpha_halys_000005_s47_ch0","train"
"2025-06-24 InsectSound1000","InsectSound1000/Halyomorpha_halys/2022524-16-36/000005/2022524-16-36_Halyomorpha_halys_000005_s48_ch0","train"
"2025-06-24 InsectSound1000","InsectSound1000/Halyomorpha_halys/2022524-16-36/000005/2022524-16-36_Halyomorpha_halys_000005_s6_ch0","train"
"2025-06-24 InsectSound1000","InsectSound1000/Halyomorpha_halys/2022524-16-36/000005/2022524-16-36_Halyomorpha_halys_000005_s67_ch0","train"
"2025-06-24 InsectSound1000","InsectSound1000/Halyomorpha_halys/2022524-16-36/000007/2022524-16-36_Halyomorpha_halys_000007_s126_ch0","train"
"2025-06-24 InsectSound1000","InsectSound1000/Halyomorpha_halys/2022524-16-36/000011/2022524-16-36_Halyomorpha_halys_000011_s169_ch1","train"
"2025-06-24 InsectSound1000","InsectSound1000/Halyomorpha_halys/2022524-16-36/000014/2022524-16-36_Halyomorpha_halys_000014_s165_ch0","train"
"2025-06-24 InsectSound1000","InsectSound1000/Halyomorpha_halys/2022524-16-36/000026/2022524-16-36_Halyomorpha_halys_000026_s76_ch3","train"
"2025-06-24 InsectSound1000","InsectSound1000/Halyomorpha_halys/2022524-16-36/000043/2022524-16-36_Halyomorpha_halys_000043_s4_ch0","train"
"2025-06-24 InsectSound1000","InsectSound1000/Halyomorpha_halys/202261-15-3/000024/202261-15-3_Halyomorpha_halys_000024_s15_ch1","train"
