"experiment","deployment","fold","ident","recorder"
"Chia - Bee Audio 2022 Original","7-13-22_SouthCharleston","validate","Chia - Bee Audio 2022 Original/7-13-22_SouthCharleston/1/220713_0941_01","1"
"Chia - Bee Audio 2022 Original","7-13-22_SouthCharleston","validate","Chia - Bee Audio 2022 Original/7-13-22_SouthCharleston/1/220715_1123","1"
"Chia - Bee Audio 2022 Original","7-13-22_SouthCharleston","validate","Chia - Bee Audio 2022 Original/7-13-22_SouthCharleston/2/220713_0943","2"
"Chia - Bee Audio 2022 Original","7-13-22_SouthCharleston","validate","Chia - Bee Audio 2022 Original/7-13-22_SouthCharleston/2/220715_1125","2"
"Chia - Bee Audio 2022 Original","7-13-22_SouthCharleston","validate","Chia - Bee Audio 2022 Original/7-13-22_SouthCharleston/3/220713_0944","3"
"Chia - Bee Audio 2022 Original","7-13-22_SouthCharleston","validate","Chia - Bee Audio 2022 Original/7-13-22_SouthCharleston/3/220715_1127","3"
"Chia - Bee Audio 2022 Original","7-13-22_SouthCharleston","validate","Chia - Bee Audio 2022 Original/7-13-22_SouthCharleston/4/220713_0946","4"
"Chia - Bee Audio 2022 Original","7-13-22_SouthCharleston","validate","Chia - Bee Audio 2022 Original/7-13-22_SouthCharleston/4/220715_1128","4"
"Chia - Bee Audio 2022 Original","7-13-22_SouthCharleston","validate","Chia - Bee Audio 2022 Original/7-13-22_SouthCharleston/5/220713_0947","5"
"Chia - Bee Audio 2022 Original","7-13-22_SouthCharleston","validate","Chia - Bee Audio 2022 Original/7-13-22_SouthCharleston/5/220715_1130","5"
"Chia - Bee Audio 2022 Original","7-13-22_SouthCharleston","validate","Chia - Bee Audio 2022 Original/7-13-22_SouthCharleston/6/220713_0948","6"
"Chia - Bee Audio 2022 Original","7-13-22_SouthCharleston","validate","Chia - Bee Audio 2022 Original/7-13-22_SouthCharleston/6/220715_1131","6"
"Chia - Bee Audio 2022 Original","7-13-22_SouthCharleston","validate","Chia - Bee Audio 2022 Original/7-13-22_SouthCharleston/7/220713_0951","7"
"Chia - Bee Audio 2022 Original","7-13-22_SouthCharleston","validate","Chia - Bee Audio 2022 Original/7-13-22_SouthCharleston/7/220715_1134","7"
"Chia - Bee Audio 2022 Original","7-13-22_SouthCharleston","train","Chia - Bee Audio 2022 Original/7-13-22_SouthCharleston/8/220713_0953","8"
"Chia - Bee Audio 2022 Original","7-13-22_SouthCharleston","validate","Chia - Bee Audio 2022 Original/7-13-22_SouthCharleston/8/220715_1135","8"
"Chia - OSPT","2022/2022-07-26","validate","Chia - OSPT/2022/2022-07-26/10/220726_1209","10"
"Chia - OSPT","2022/2022-07-26","validate","Chia - OSPT/2022/2022-07-26/14/220726_1202","14"
"Chia - OSPT","2022/2022-07-26","validate","Chia - OSPT/2022/2022-07-26/15/220728_1403","15"
"Chia - OSPT","2022/2022-07-26","validate","Chia - OSPT/2022/2022-07-26/17/220725_1311","17"
"Chia - OSPT","2022/2022-07-26","validate","Chia - OSPT/2022/2022-07-26/18/220725_1319","18"
"Chia - OSPT","2022/2022-07-26","validate","Chia - OSPT/2022/2022-07-26/18/220727_1501","18"
"Chia - OSPT","2022/2022-07-26","validate","Chia - OSPT/2022/2022-07-26/23/220727_1453","23"
"Chia - OSPT","2022/2022-07-26","validate","Chia - OSPT/2022/2022-07-26/25/220725_1324","25"
"Chia - OSPT","2022/2022-07-26","validate","Chia - OSPT/2022/2022-07-26/25/220727_1507","25"
"Chia - OSPT","2022/2022-07-26","validate","Chia - OSPT/2022/2022-07-26/29/220725_1321","29"
"Chia - OSPT","2022/2022-08-02","train","Chia - OSPT/2022/2022-08-02/11/220802_1058","11"
"Chia - OSPT","2022/2022-08-02","train","Chia - OSPT/2022/2022-08-02/13/220802_1108","13"
"Chia - OSPT","2022/2022-08-02","train","Chia - OSPT/2022/2022-08-02/13/220806_1432","13"
"Chia - OSPT","2022/2022-08-02","train","Chia - OSPT/2022/2022-08-02/20/220802_1056","20"
"Chia - OSPT","2022/2022-08-02","train","Chia - OSPT/2022/2022-08-02/22/220804_1241","22"
"Chia - OSPT","2022/2022-08-02","train","Chia - OSPT/2022/2022-08-02/23/220802_1047","23"
"Chia - OSPT","2022/2022-08-02","train","Chia - OSPT/2022/2022-08-02/29/220802_1102","29"
"Chia - OSPT","2022/2022-08-02","train","Chia - OSPT/2022/2022-08-02/29/220804_1244","29"
"Chia - OSPT","2022/2022-08-02","train","Chia - OSPT/2022/2022-08-02/32/220804_1227","32"
"Chia_Lin - Soybean on-farm spray audios","2023-07-25 Combs Sabine-Bigelow","validate","Chia_Lin - Soybean on-farm spray audios/2023-07-25 Combs Sabine-Bigelow/14/230725_1202","14"
"Chia_Lin - Soybean on-farm spray audios","2023-07-25 Combs Sabine-Bigelow","validate","Chia_Lin - Soybean on-farm spray audios/2023-07-25 Combs Sabine-Bigelow/14/230727_1344","14"
"Chia_Lin - Soybean on-farm spray audios","2023-07-25 Combs Sabine-Bigelow","validate","Chia_Lin - Soybean on-farm spray audios/2023-07-25 Combs Sabine-Bigelow/14/230730_1621","14"
"Chia_Lin - Soybean on-farm spray audios","2023-07-25 Combs Sabine-Bigelow","validate","Chia_Lin - Soybean on-farm spray audios/2023-07-25 Combs Sabine-Bigelow/14/230801_1803","14"
"Chia_Lin - Soybean on-farm spray audios","2023-07-25 Combs Sabine-Bigelow","train","Chia_Lin - Soybean on-farm spray audios/2023-07-25 Combs Sabine-Bigelow/23/230725_1159","23"
"Chia_Lin - Soybean on-farm spray audios","2023-07-25 Combs Sabine-Bigelow","validate","Chia_Lin - Soybean on-farm spray audios/2023-07-25 Combs Sabine-Bigelow/23/230727_1341","23"
"Chia_Lin - Soybean on-farm spray audios","2023-07-25 Combs Sabine-Bigelow","validate","Chia_Lin - Soybean on-farm spray audios/2023-07-25 Combs Sabine-Bigelow/23/230730_1624","23"
"Chia_Lin - Soybean on-farm spray audios","2023-07-25 Combs Sabine-Bigelow","validate","Chia_Lin - Soybean on-farm spray audios/2023-07-25 Combs Sabine-Bigelow/23/230801_1806","23"
"Chia_Lin - Soybean on-farm spray audios","2023-07-30 FSR","train","Chia_Lin - Soybean on-farm spray audios/2023-07-30 FSR/29/230730_1704","29"
"Chia_Lin - Soybean on-farm spray audios","2023-07-30 FSR","train","Chia_Lin - Soybean on-farm spray audios/2023-07-30 FSR/29/230801_1846","29"
"Chia_Lin - Soybean on-farm spray audios","2023-07-30 FSR","train","Chia_Lin - Soybean on-farm spray audios/2023-07-30 FSR/3/230730_1704","3"
"Chia_Lin - Soybean on-farm spray audios","2023-07-30 FSR","train","Chia_Lin - Soybean on-farm spray audios/2023-07-30 FSR/3/230801_1847","3"
"Karlan Forrester - Soybean Attractiveness","A11","validate","Karlan Forrester - Soybean Attractiveness/A11/4/210721_0949","4"
"Karlan Forrester - Soybean Attractiveness","A11","validate","Karlan Forrester - Soybean Attractiveness/A11/4/210723_1131","4"
"Karlan Forrester - Soybean Attractiveness","A11","validate","Karlan Forrester - Soybean Attractiveness/A11/4/210726_1007","4"
"Karlan Forrester - Soybean Attractiveness","A11","validate","Karlan Forrester - Soybean Attractiveness/A11/4/210728_1150","4"
"Karlan Forrester - Soybean Attractiveness","A11","validate","Karlan Forrester - Soybean Attractiveness/A11/4/210805_0819","4"
"Karlan Forrester - Soybean Attractiveness","A11","validate","Karlan Forrester - Soybean Attractiveness/A11/4/210807_1001","4"
"Karlan Forrester - Soybean Attractiveness","C9-16","train","Karlan Forrester - Soybean Attractiveness/C9-16/4/210721_0910","4"
"Karlan Forrester - Soybean Attractiveness","C9-16","train","Karlan Forrester - Soybean Attractiveness/C9-16/4/210723_1052","4"
"Karlan Forrester - Soybean Attractiveness","C9-16","train","Karlan Forrester - Soybean Attractiveness/C9-16/4/210726_0933","4"
"Karlan Forrester - Soybean Attractiveness","C9-16","train","Karlan Forrester - Soybean Attractiveness/C9-16/4/210728_1115","4"
"Karlan Forrester - Soybean Attractiveness","C9-16","train","Karlan Forrester - Soybean Attractiveness/C9-16/4/210805_0743","4"
"Karlan Forrester - Soybean Attractiveness","C9-16","train","Karlan Forrester - Soybean Attractiveness/C9-16/4/210807_0925","4"
"Karlan Forrester - Soybean Attractiveness","EBN","train","Karlan Forrester - Soybean Attractiveness/EBN/4/210721_0930","4"
"Karlan Forrester - Soybean Attractiveness","EBN","train","Karlan Forrester - Soybean Attractiveness/EBN/4/210723_1112","4"
"Karlan Forrester - Soybean Attractiveness","EBN","train","Karlan Forrester - Soybean Attractiveness/EBN/4/210726_0950","4"
"Karlan Forrester - Soybean Attractiveness","EBN","train","Karlan Forrester - Soybean Attractiveness/EBN/4/210728_1132","4"
"Karlan Forrester - Soybean Attractiveness","EBN","train","Karlan Forrester - Soybean Attractiveness/EBN/4/210805_0800","4"
"Karlan Forrester - Soybean Attractiveness","L6-8","train","Karlan Forrester - Soybean Attractiveness/L6-8/4/210721_0855","4"
"Karlan Forrester - Soybean Attractiveness","L6-8","train","Karlan Forrester - Soybean Attractiveness/L6-8/4/210723_1038","4"
"Karlan Forrester - Soybean Attractiveness","L6-8","train","Karlan Forrester - Soybean Attractiveness/L6-8/4/210726_0918","4"
"Karlan Forrester - Soybean Attractiveness","L6-8","train","Karlan Forrester - Soybean Attractiveness/L6-8/4/210728_1100","4"
"Karlan Forrester - Soybean Attractiveness","L6-8","train","Karlan Forrester - Soybean Attractiveness/L6-8/4/210805_0726","4"
"Karlan Forrester - Soybean Attractiveness","L6-8","train","Karlan Forrester - Soybean Attractiveness/L6-8/4/210807_0908","4"
