fold,fpr,threshold,sensitivity,precision,sensitivity_exclquiet,sensitivity_faint,sensitivity_quiet,sensitivity_background,sensitivity_untagged,sensitivity_normal,sensitivity_loud,buzz_frames,buzz_events,buzz_events_exclquiet,faint_frames,quiet_frames,background_frames,untagged_frames,normal_frames,loud_frames,neg_frames,frames_val,best_epoch
JamesU - MustardBumbler/1_29,0.005,-1.395,0.429,0.971,0.443,0.0,0.085,0.364,0.569,,0.25,2144,37,32,1,82,1256,801,0,4,27,7617,400
Lily - Fit+Fast/2023_R3_Marysville/53,0.005,-1.747,0.419,0.93,0.44,,0.213,0.296,0.655,,1.0,1031,33,28,0,94,618,261,0,58,32,7540,400
Lily Adam - One Hive/recorders/willard/2024-08-07/1_11,0.005,-1.834,0.233,0.662,0.368,0.0,0.0,,0.301,,0.778,305,40,26,4,108,0,166,0,27,36,7562,400
Lily Adam - One Hive/recorders/wooster/2024-07-26/1_143,0.005,-1.785,0.305,0.706,0.459,,0.089,,0.4,,1.0,190,33,22,0,79,0,100,0,11,24,5024,400
Luke - Diel Drivers/2026-04-08/1_150,0.005,-1.936,0.184,0.512,0.231,,0.03,,0.231,,,141,30,21,0,33,0,108,0,0,24,5091,400
Luke - Diel Drivers/2026-05-06/1_95,0.005,-0.052,0.034,0.266,0.042,,0.01,,0.042,,,388,66,46,0,100,0,288,0,0,35,7572,400
Luke - Various Opportunistic Recordings/2025-07-03/1_37,0.005,-1.528,0.314,0.806,0.399,0.0,0.11,,0.348,,0.864,313,24,14,1,91,0,199,0,22,23,5033,400
Luke - Various Opportunistic Recordings/2025-08-12/1_114,0.005,-1.202,0.23,0.848,0.252,0.0,0.0,,0.252,,,541,32,28,6,40,0,495,0,0,22,5025,400
total,0.005,-1.435,0.268,0.713,0.329,0.0,0.067,0.33,0.35,,0.778,5053,295,217,12,627,1874,2418,0,122,223,50464,400
