"label","Chia - Bee Audio 2022 Original/7-13-22_SouthCharleston/1","Chia - Bee Audio 2022 Original/7-13-22_SouthCharleston/2","Chia - Bee Audio 2022 Original/7-13-22_SouthCharleston/3","Chia - Bee Audio 2022 Original/7-13-22_SouthCharleston/4","Chia - Bee Audio 2022 Original/7-13-22_SouthCharleston/5","Chia - Bee Audio 2022 Original/7-13-22_SouthCharleston/6","Chia - Bee Audio 2022 Original/7-13-22_SouthCharleston/7","Chia - Bee Audio 2022 Original/7-13-22_SouthCharleston/8","Chia - OSPT/2022/2022-07-26/10","Chia - OSPT/2022/2022-07-26/14","Chia - OSPT/2022/2022-07-26/15","Chia - OSPT/2022/2022-07-26/17","Chia - OSPT/2022/2022-07-26/18","Chia - OSPT/2022/2022-07-26/23","Chia - OSPT/2022/2022-07-26/25","Chia - OSPT/2022/2022-07-26/29","Chia - OSPT/2022/2022-08-02/11","Chia - OSPT/2022/2022-08-02/13","Chia - OSPT/2022/2022-08-02/20","Chia - OSPT/2022/2022-08-02/22","Chia - OSPT/2022/2022-08-02/23","Chia - OSPT/2022/2022-08-02/29","Chia - OSPT/2022/2022-08-02/32","Chia_Lin - Soybean on-farm spray audios/2023-07-25 Combs Sabine-Bigelow/14","Chia_Lin - Soybean on-farm spray audios/2023-07-25 Combs Sabine-Bigelow/23","Chia_Lin - Soybean on-farm spray audios/2023-07-30 FSR/29","Chia_Lin - Soybean on-farm spray audios/2023-07-30 FSR/3","JamesU - MustardBumbler/1_29","Karlan Forrester - Soybean Attractiveness/A11/4","Karlan Forrester - Soybean Attractiveness/C9-16/4","Karlan Forrester - Soybean Attractiveness/EBN/4","Karlan Forrester - Soybean Attractiveness/L6-8/4","Lily - Fit+Fast/2023_R3_Marysville/53","Lily Adam - One Hive/recorders/willard/2024-08-07/1_11","Lily Adam - One Hive/recorders/wooster/2024-07-26/1_143","Luke - Diel Drivers/2026-04-08/1_150","Luke - Diel Drivers/2026-05-06/1_95","Luke - External Data Sources/InsectSound1000/Bombus_terrestris/2023427-16-31/000000","Luke - External Data Sources/InsectSound1000/Bombus_terrestris/2023427-16-31/000002","Luke - External Data Sources/InsectSound1000/Bombus_terrestris/2023427-16-31/000003","Luke - External Data Sources/InsectSound1000/Bombus_terrestris/2023427-16-31/000053","Luke - External Data Sources/InsectSound1000/Bombus_terrestris/2023510-16-19/000009","Luke - External Data Sources/InsectSound1000/Bombus_terrestris/2023510-16-19/000022","Luke - External Data Sources/InsectSound1000/Bombus_terrestris/2023510-16-19/000031","Luke - External Data Sources/InsectSound1000/Bombus_terrestris/2023510-16-19/000032","Luke - External Data Sources/InsectSound1000/Bombus_terrestris/2023510-16-19/000033","Luke - External Data Sources/InsectSound1000/Bombus_terrestris/2023510-16-19/000034","Luke - External Data Sources/InsectSound1000/Bombus_terrestris/202359-16-42/000002","Luke - External Data Sources/InsectSound1000/Bombus_terrestris/202359-16-42/000004","Luke - External Data Sources/InsectSound1000/Bombus_terrestris/202359-16-42/000021","Luke - External Data Sources/InsectSound1000/Bombus_terrestris/202359-16-42/000027","Luke - External Data Sources/InsectSound1000/Bombus_terrestris/202359-16-42/000029","Luke - External Data Sources/InsectSound1000/Coccinella_septempunctata/2023418-15-24/000000","Luke - External Data Sources/InsectSound1000/Coccinella_septempunctata/2023418-15-24/000008","Luke - External Data Sources/InsectSound1000/Coccinella_septempunctata/2023419-16-19/000000","Luke - External Data Sources/InsectSound1000/Coccinella_septempunctata/2023419-16-19/000012","Luke - External Data Sources/InsectSound1000/Coccinella_septempunctata/2023419-16-19/000017","Luke - External Data Sources/InsectSound1000/Coccinella_septempunctata/2023419-16-19/000020","Luke - External Data Sources/InsectSound1000/Coccinella_septempunctata/2023419-16-19/000022","Luke - External Data Sources/InsectSound1000/Coccinella_septempunctata/2023419-16-19/000023","Luke - External Data Sources/InsectSound1000/Coccinella_septempunctata/2023419-16-19/000025","Luke - External Data Sources/InsectSound1000/Coccinella_septempunctata/2023419-16-19/000026","Luke - External Data Sources/InsectSound1000/Coccinella_septempunctata/2023419-16-19/000027","Luke - External Data Sources/InsectSound1000/Coccinella_septempunctata/2023419-16-19/000033","Luke - External Data Sources/InsectSound1000/Coccinella_septempunctata/2023419-16-19/000038","Luke - External Data Sources/InsectSound1000/Coccinella_septempunctata/2023419-16-19/000043","Luke - External Data Sources/InsectSound1000/Coccinella_septempunctata/2023419-16-19/000044","Luke - External Data Sources/InsectSound1000/Coccinella_septempunctata/2023419-16-19/000053","Luke - External Data Sources/InsectSound1000/Coccinella_septempunctata/2023419-16-19/000054","Luke - External Data Sources/InsectSound1000/Coccinella_septempunctata/2023419-16-19/000055","Luke - External Data Sources/InsectSound1000/Coccinella_septempunctata/2023419-16-19/000056","Luke - External Data Sources/InsectSound1000/Coccinella_septempunctata/2023419-16-19/000057","Luke - External Data Sources/InsectSound1000/Coccinella_septempunctata/2023419-16-19/000060","Luke - External Data Sources/InsectSound1000/Coccinella_septempunctata/2023419-16-19/000061","Luke - External Data Sources/InsectSound1000/Coccinella_septempunctata/2023419-16-19/000063","Luke - External Data Sources/InsectSound1000/Coccinella_septempunctata/2023419-16-19/000065","Luke - External Data Sources/InsectSound1000/Coccinella_septempunctata/2023419-16-19/000067","Luke - External Data Sources/InsectSound1000/Coccinella_septempunctata/2023420-16-9/000004","Luke - External Data Sources/InsectSound1000/Coccinella_septempunctata/2023420-16-9/000006","Luke - External Data Sources/InsectSound1000/Coccinella_septempunctata/2023420-16-9/000007","Luke - External Data Sources/InsectSound1000/Coccinella_septempunctata/2023420-16-9/000012","Luke - External Data Sources/InsectSound1000/Coccinella_septempunctata/2023420-16-9/000014","Luke - External Data Sources/InsectSound1000/Coccinella_septempunctata/2023420-16-9/000015","Luke - External Data Sources/InsectSound1000/Coccinella_septempunctata/2023420-16-9/000017","Luke - External Data Sources/InsectSound1000/Coccinella_septempunctata/2023420-16-9/000021","Luke - External Data Sources/InsectSound1000/Coccinella_septempunctata/2023420-16-9/000028","Luke - External Data Sources/InsectSound1000/Coccinella_septempunctata/2023420-16-9/000032","Luke - External Data Sources/InsectSound1000/Coccinella_septempunctata/2023420-16-9/000035","Luke - External Data Sources/InsectSound1000/Coccinella_septempunctata/2023420-16-9/000036","Luke - External Data Sources/InsectSound1000/Coccinella_septempunctata/2023420-16-9/000037","Luke - External Data Sources/InsectSound1000/Coccinella_septempunctata/2023420-16-9/000039","Luke - External Data Sources/InsectSound1000/Coccinella_septempunctata/2023420-16-9/000040","Luke - External Data Sources/InsectSound1000/Coccinella_septempunctata/2023420-16-9/000042","Luke - External Data Sources/InsectSound1000/Coccinella_septempunctata/2023420-16-9/000045","Luke - External Data Sources/InsectSound1000/Coccinella_septempunctata/2023420-16-9/000046","Luke - External Data Sources/InsectSound1000/Coccinella_septempunctata/2023420-16-9/000047","Luke - External Data Sources/InsectSound1000/Coccinella_septempunctata/2023420-16-9/000048","Luke - External Data Sources/InsectSound1000/Coccinella_septempunctata/2023420-16-9/000050","Luke - External Data Sources/InsectSound1000/Coccinella_septempunctata/2023420-16-9/000051","Luke - External Data Sources/InsectSound1000/Coccinella_septempunctata/2023420-16-9/000052","Luke - External Data Sources/InsectSound1000/Coccinella_septempunctata/2023420-16-9/000054","Luke - External Data Sources/InsectSound1000/Coccinella_septempunctata/2023420-16-9/000055","Luke - External Data Sources/InsectSound1000/Coccinella_septempunctata/2023420-16-9/000056","Luke - External Data Sources/InsectSound1000/Coccinella_septempunctata/2023420-16-9/000057","Luke - External Data Sources/InsectSound1000/Coccinella_septempunctata/2023420-16-9/000058","Luke - External Data Sources/InsectSound1000/Coccinella_septempunctata/2023420-16-9/000059","Luke - External Data Sources/InsectSound1000/Coccinella_septempunctata/2023420-16-9/000064","Luke - External Data Sources/InsectSound1000/Coccinella_septempunctata/2023420-16-9/000065","Luke - External Data Sources/InsectSound1000/Coccinella_septempunctata/2023420-16-9/000066","Luke - External Data Sources/InsectSound1000/Coccinella_septempunctata/2023420-16-9/000068","Luke - External Data Sources/InsectSound1000/Coccinella_septempunctata/2023424-16-23/000014","Luke - External Data Sources/InsectSound1000/Coccinella_septempunctata/2023424-16-23/000062","Luke - External Data Sources/InsectSound1000/Coccinella_septempunctata/2023424-16-23/000064","Luke - External Data Sources/InsectSound1000/Coccinella_septempunctata/2023425-16-22/000005","Luke - External Data Sources/InsectSound1000/Coccinella_septempunctata/2023425-16-22/000030","Luke - External Data Sources/InsectSound1000/Coccinella_septempunctata/2023425-16-22/000031","Luke - External Data Sources/InsectSound1000/Coccinella_septempunctata/2023425-16-22/000051","Luke - External Data Sources/InsectSound1000/Coccinella_septempunctata/2023425-16-22/000052","Luke - External Data Sources/InsectSound1000/Coccinella_septempunctata/2023425-16-22/000058","Luke - External Data Sources/InsectSound1000/Episyrphus_balteatus/2023515-16-42/000001","Luke - External Data Sources/InsectSound1000/Episyrphus_balteatus/2023515-16-42/000005","Luke - External Data Sources/InsectSound1000/Episyrphus_balteatus/2023515-16-42/000032","Luke - External Data Sources/InsectSound1000/Episyrphus_balteatus/2023515-16-42/000037","Luke - External Data Sources/InsectSound1000/Episyrphus_balteatus/2023515-16-42/000044","Luke - External Data Sources/InsectSound1000/Episyrphus_balteatus/2023515-16-42/000045","Luke - External Data Sources/InsectSound1000/Episyrphus_balteatus/2023515-16-42/000047","Luke - External Data Sources/InsectSound1000/Episyrphus_balteatus/2023612-16-19/000001","Luke - External Data Sources/InsectSound1000/Episyrphus_balteatus/2023612-16-19/000003","Luke - External Data Sources/InsectSound1000/Episyrphus_balteatus/2023612-16-19/000005","Luke - External Data Sources/InsectSound1000/Episyrphus_balteatus/2023612-16-19/000007","Luke - External Data Sources/InsectSound1000/Episyrphus_balteatus/2023612-16-19/000008","Luke - External Data Sources/InsectSound1000/Episyrphus_balteatus/2023612-16-19/000010","Luke - External Data Sources/InsectSound1000/Episyrphus_balteatus/2023612-16-19/000033","Luke - External Data Sources/InsectSound1000/Episyrphus_balteatus/2023612-16-19/000066","Luke - External Data Sources/InsectSound1000/Episyrphus_balteatus/2023613-16-37/000001","Luke - External Data Sources/InsectSound1000/Episyrphus_balteatus/2023613-16-37/000003","Luke - External Data Sources/InsectSound1000/Episyrphus_balteatus/2023613-16-37/000008","Luke - External Data Sources/InsectSound1000/Episyrphus_balteatus/2023613-16-37/000009","Luke - External Data Sources/InsectSound1000/Episyrphus_balteatus/2023613-16-37/000011","Luke - External Data Sources/InsectSound1000/Episyrphus_balteatus/2023613-16-37/000012","Luke - External Data Sources/InsectSound1000/Episyrphus_balteatus/2023613-16-37/000064","Luke - External Data Sources/InsectSound1000/Episyrphus_balteatus/2023613-16-37/000065","Luke - External Data Sources/InsectSound1000/Episyrphus_balteatus/2023613-16-37/000066","Luke - External Data Sources/InsectSound1000/Episyrphus_balteatus/2023613-16-37/000067","Luke - External Data Sources/InsectSound1000/Episyrphus_balteatus/2023614-16-27/000002","Luke - External Data Sources/InsectSound1000/Episyrphus_balteatus/2023614-16-27/000003","Luke - External Data Sources/InsectSound1000/Episyrphus_balteatus/2023614-16-27/000006","Luke - External Data Sources/InsectSound1000/Episyrphus_balteatus/2023614-16-27/000007","Luke - External Data Sources/InsectSound1000/Episyrphus_balteatus/2023614-16-27/000008","Luke - External Data Sources/InsectSound1000/Episyrphus_balteatus/2023614-16-27/000013","Luke - External Data Sources/InsectSound1000/Episyrphus_balteatus/2023614-16-27/000014","Luke - External Data Sources/InsectSound1000/Episyrphus_balteatus/2023614-16-27/000067","Luke - External Data Sources/InsectSound1000/Episyrphus_balteatus/2023615-16-27/000001","Luke - External Data Sources/InsectSound1000/Episyrphus_balteatus/2023615-16-27/000008","Luke - External Data Sources/InsectSound1000/Episyrphus_balteatus/2023615-16-27/000009","Luke - External Data Sources/InsectSound1000/Episyrphus_balteatus/2023615-16-27/000010","Luke - External Data Sources/InsectSound1000/Episyrphus_balteatus/2023615-16-27/000012","Luke - External Data Sources/InsectSound1000/Episyrphus_balteatus/2023615-16-27/000013","Luke - External Data Sources/InsectSound1000/Halyomorpha_halys/2022421-16-34/000000","Luke - External Data Sources/InsectSound1000/Halyomorpha_halys/2022421-16-34/000001","Luke - External Data Sources/InsectSound1000/Halyomorpha_halys/2022421-16-34/000003","Luke - External Data Sources/InsectSound1000/Halyomorpha_halys/2022421-16-34/000004","Luke - External Data Sources/InsectSound1000/Halyomorpha_halys/2022421-16-34/000005","Luke - External Data Sources/InsectSound1000/Halyomorpha_halys/2022421-16-34/000009","Luke - External Data Sources/InsectSound1000/Halyomorpha_halys/2022421-16-34/000010","Luke - External Data Sources/InsectSound1000/Halyomorpha_halys/2022421-16-34/000011","Luke - External Data Sources/InsectSound1000/Halyomorpha_halys/2022421-16-34/000012","Luke - External Data Sources/InsectSound1000/Halyomorpha_halys/2022421-16-34/000013","Luke - External Data Sources/InsectSound1000/Halyomorpha_halys/2022421-16-34/000014","Luke - External Data Sources/InsectSound1000/Halyomorpha_halys/2022421-16-34/000015","Luke - External Data Sources/InsectSound1000/Halyomorpha_halys/2022421-16-34/000016","Luke - External Data Sources/InsectSound1000/Halyomorpha_halys/2022421-16-34/000022","Luke - External Data Sources/InsectSound1000/Halyomorpha_halys/2022421-16-34/000025","Luke - External Data Sources/InsectSound1000/Halyomorpha_halys/2022421-16-34/000028","Luke - External Data Sources/InsectSound1000/Halyomorpha_halys/2022421-16-34/000035","Luke - External Data Sources/InsectSound1000/Halyomorpha_halys/2022421-16-34/000037","Luke - External Data Sources/InsectSound1000/Halyomorpha_halys/2022421-16-34/000047","Luke - External Data Sources/InsectSound1000/Halyomorpha_halys/2022421-16-34/000048","Luke - External Data Sources/InsectSound1000/Halyomorpha_halys/2022421-16-34/000049","Luke - External Data Sources/InsectSound1000/Halyomorpha_halys/2022421-16-34/000052","Luke - External Data Sources/InsectSound1000/Halyomorpha_halys/2022421-16-34/000067","Luke - External Data Sources/InsectSound1000/Halyomorpha_halys/2022421-16-34/000068","Luke - External Data Sources/InsectSound1000/Halyomorpha_halys/2022421-8-56/000001","Luke - External Data Sources/InsectSound1000/Halyomorpha_halys/2022421-8-56/000002","Luke - External Data Sources/InsectSound1000/Halyomorpha_halys/2022425-18-24/000000","Luke - External Data Sources/InsectSound1000/Halyomorpha_halys/2022425-18-24/000009","Luke - External Data Sources/InsectSound1000/Halyomorpha_halys/2022425-18-24/000014","Luke - External Data Sources/InsectSound1000/Halyomorpha_halys/2022524-16-36/000002","Luke - External Data Sources/InsectSound1000/Halyomorpha_halys/2022524-16-36/000003","Luke - External Data Sources/InsectSound1000/Halyomorpha_halys/2022524-16-36/000004","Luke - External Data Sources/InsectSound1000/Halyomorpha_halys/2022524-16-36/000005","Luke - External Data Sources/InsectSound1000/Halyomorpha_halys/2022524-16-36/000006","Luke - External Data Sources/InsectSound1000/Halyomorpha_halys/2022524-16-36/000007","Luke - External Data Sources/InsectSound1000/Halyomorpha_halys/2022524-16-36/000008","Luke - External Data Sources/InsectSound1000/Halyomorpha_halys/2022524-16-36/000009","Luke - External Data Sources/InsectSound1000/Halyomorpha_halys/2022524-16-36/000010","Luke - External Data Sources/InsectSound1000/Halyomorpha_halys/2022524-16-36/000011","Luke - External Data Sources/InsectSound1000/Halyomorpha_halys/2022524-16-36/000012","Luke - External Data Sources/InsectSound1000/Halyomorpha_halys/2022524-16-36/000013","Luke - External Data Sources/InsectSound1000/Halyomorpha_halys/2022524-16-36/000014","Luke - External Data Sources/InsectSound1000/Halyomorpha_halys/2022524-16-36/000015","Luke - External Data Sources/InsectSound1000/Halyomorpha_halys/2022524-16-36/000016","Luke - External Data Sources/InsectSound1000/Halyomorpha_halys/2022524-16-36/000017","Luke - External Data Sources/InsectSound1000/Halyomorpha_halys/2022524-16-36/000018","Luke - External Data Sources/InsectSound1000/Halyomorpha_halys/2022524-16-36/000020","Luke - External Data Sources/InsectSound1000/Halyomorpha_halys/2022524-16-36/000021","Luke - External Data Sources/InsectSound1000/Halyomorpha_halys/2022524-16-36/000022","Luke - External Data Sources/InsectSound1000/Halyomorpha_halys/2022524-16-36/000023","Luke - External Data Sources/InsectSound1000/Halyomorpha_halys/2022524-16-36/000025","Luke - External Data Sources/InsectSound1000/Halyomorpha_halys/2022524-16-36/000026","Luke - External Data Sources/InsectSound1000/Halyomorpha_halys/2022524-16-36/000027","Luke - External Data Sources/InsectSound1000/Halyomorpha_halys/2022524-16-36/000028","Luke - External Data Sources/InsectSound1000/Halyomorpha_halys/2022524-16-36/000032","Luke - External Data Sources/InsectSound1000/Halyomorpha_halys/2022524-16-36/000033","Luke - External Data Sources/InsectSound1000/Halyomorpha_halys/2022524-16-36/000034","Luke - External Data Sources/InsectSound1000/Halyomorpha_halys/2022524-16-36/000035","Luke - External Data Sources/InsectSound1000/Halyomorpha_halys/2022524-16-36/000037","Luke - External Data Sources/InsectSound1000/Halyomorpha_halys/2022524-16-36/000039","Luke - External Data Sources/InsectSound1000/Halyomorpha_halys/2022524-16-36/000043","Luke - External Data Sources/InsectSound1000/Halyomorpha_halys/2022524-16-36/000044","Luke - External Data Sources/InsectSound1000/Halyomorpha_halys/2022524-16-36/000045","Luke - External Data Sources/InsectSound1000/Halyomorpha_halys/2022524-16-36/000055","Luke - External Data Sources/InsectSound1000/Halyomorpha_halys/2022524-16-36/000056","Luke - External Data Sources/InsectSound1000/Halyomorpha_halys/2022524-16-36/000057","Luke - External Data Sources/InsectSound1000/Halyomorpha_halys/2022524-16-36/000058","Luke - External Data Sources/InsectSound1000/Halyomorpha_halys/2022524-16-36/000059","Luke - External Data Sources/InsectSound1000/Halyomorpha_halys/2022524-16-36/000060","Luke - External Data Sources/InsectSound1000/Halyomorpha_halys/2022524-16-36/000061","Luke - External Data Sources/InsectSound1000/Halyomorpha_halys/2022524-16-36/000062","Luke - External Data Sources/InsectSound1000/Halyomorpha_halys/2022524-16-36/000067","Luke - External Data Sources/InsectSound1000/Halyomorpha_halys/2022530-16-6/000000","Luke - External Data Sources/InsectSound1000/Halyomorpha_halys/2022530-16-6/000004","Luke - External Data Sources/InsectSound1000/Halyomorpha_halys/2022530-16-6/000006","Luke - External Data Sources/InsectSound1000/Halyomorpha_halys/2022530-16-6/000007","Luke - External Data Sources/InsectSound1000/Halyomorpha_halys/2022530-16-6/000012","Luke - External Data Sources/InsectSound1000/Halyomorpha_halys/2022530-16-6/000013","Luke - External Data Sources/InsectSound1000/Halyomorpha_halys/2022530-16-6/000014","Luke - External Data Sources/InsectSound1000/Halyomorpha_halys/2022530-16-6/000015","Luke - External Data Sources/InsectSound1000/Halyomorpha_halys/2022530-16-6/000016","Luke - External Data Sources/InsectSound1000/Halyomorpha_halys/2022530-16-6/000017","Luke - External Data Sources/InsectSound1000/Halyomorpha_halys/2022530-16-6/000020","Luke - External Data Sources/InsectSound1000/Halyomorpha_halys/2022530-16-6/000023","Luke - External Data Sources/InsectSound1000/Halyomorpha_halys/2022530-16-6/000024","Luke - External Data Sources/InsectSound1000/Halyomorpha_halys/2022530-16-6/000025","Luke - External Data Sources/InsectSound1000/Halyomorpha_halys/2022530-16-6/000028","Luke - External Data Sources/InsectSound1000/Halyomorpha_halys/2022530-16-6/000041","Luke - External Data Sources/InsectSound1000/Halyomorpha_halys/2022530-16-6/000042","Luke - External Data Sources/InsectSound1000/Halyomorpha_halys/2022530-16-6/000043","Luke - External Data Sources/InsectSound1000/Halyomorpha_halys/2022530-16-6/000052","Luke - External Data Sources/InsectSound1000/Halyomorpha_halys/2022530-16-6/000056","Luke - External Data Sources/InsectSound1000/Halyomorpha_halys/2022530-16-6/000057","Luke - External Data Sources/InsectSound1000/Halyomorpha_halys/2022530-16-6/000058","Luke - External Data Sources/InsectSound1000/Halyomorpha_halys/2022530-16-6/000061","Luke - External Data Sources/InsectSound1000/Halyomorpha_halys/2022531-16-10/000000","Luke - External Data Sources/InsectSound1000/Halyomorpha_halys/2022531-16-10/000001","Luke - External Data Sources/InsectSound1000/Halyomorpha_halys/202261-15-3/000000","Luke - External Data Sources/InsectSound1000/Halyomorpha_halys/202261-15-3/000001","Luke - External Data Sources/InsectSound1000/Halyomorpha_halys/202261-15-3/000002","Luke - External Data Sources/InsectSound1000/Halyomorpha_halys/202261-15-3/000005","Luke - External Data Sources/InsectSound1000/Halyomorpha_halys/202261-15-3/000007","Luke - External Data Sources/InsectSound1000/Halyomorpha_halys/202261-15-3/000009","Luke - External Data Sources/InsectSound1000/Halyomorpha_halys/202261-15-3/000013","Luke - External Data Sources/InsectSound1000/Halyomorpha_halys/202261-15-3/000014","Luke - External Data Sources/InsectSound1000/Halyomorpha_halys/202261-15-3/000015","Luke - External Data Sources/InsectSound1000/Halyomorpha_halys/202261-15-3/000017","Luke - External Data Sources/InsectSound1000/Halyomorpha_halys/202261-15-3/000018","Luke - External Data Sources/InsectSound1000/Halyomorpha_halys/202261-15-3/000019","Luke - External Data Sources/InsectSound1000/Halyomorpha_halys/202261-15-3/000020","Luke - External Data Sources/InsectSound1000/Halyomorpha_halys/202261-15-3/000021","Luke - External Data Sources/InsectSound1000/Halyomorpha_halys/202261-15-3/000024","Luke - External Data Sources/InsectSound1000/Halyomorpha_halys/202261-15-3/000028","Luke - External Data Sources/InsectSound1000/Halyomorpha_halys/202261-15-3/000029","Luke - External Data Sources/InsectSound1000/Halyomorpha_halys/202261-15-3/000033","Luke - External Data Sources/InsectSound1000/Halyomorpha_halys/202261-15-3/000050","Luke - External Data Sources/InsectSound1000/Halyomorpha_halys/202261-15-3/000051","Luke - External Data Sources/InsectSound1000/Halyomorpha_halys/202261-15-3/000056","Luke - External Data Sources/InsectSound1000/Halyomorpha_halys/202261-15-3/000058","Luke - External Data Sources/InsectSound1000/Nezara_viridula/2022511-18-10/000018","Luke - External Data Sources/InsectSound1000/Nezara_viridula/2022511-18-10/000023","Luke - External Data Sources/InsectSound1000/Nezara_viridula/2022511-18-10/000024","Luke - External Data Sources/InsectSound1000/Nezara_viridula/2022511-18-10/000025","Luke - External Data Sources/InsectSound1000/Nezara_viridula/2022511-18-10/000032","Luke - External Data Sources/InsectSound1000/Nezara_viridula/2022511-18-10/000034","Luke - External Data Sources/InsectSound1000/Nezara_viridula/2022511-18-10/000036","Luke - External Data Sources/InsectSound1000/Nezara_viridula/2022511-18-10/000048","Luke - External Data Sources/InsectSound1000/Nezara_viridula/2022511-18-10/000050","Luke - External Data Sources/InsectSound1000/Nezara_viridula/2022511-18-10/000051","Luke - External Data Sources/InsectSound1000/Nezara_viridula/2022512-17-17/000000","Luke - External Data Sources/InsectSound1000/Nezara_viridula/2022512-17-17/000002","Luke - External Data Sources/InsectSound1000/Nezara_viridula/2022512-17-17/000013","Luke - External Data Sources/InsectSound1000/Nezara_viridula/2022512-17-17/000015","Luke - External Data Sources/InsectSound1000/Nezara_viridula/2022512-17-17/000018","Luke - External Data Sources/InsectSound1000/Nezara_viridula/2022512-17-17/000028","Luke - External Data Sources/InsectSound1000/Nezara_viridula/2022512-17-17/000031","Luke - External Data Sources/InsectSound1000/Nezara_viridula/2022512-17-17/000039","Luke - External Data Sources/InsectSound1000/Nezara_viridula/2022512-17-17/000040","Luke - External Data Sources/InsectSound1000/Nezara_viridula/2022523-16-40/000004","Luke - External Data Sources/InsectSound1000/Nezara_viridula/2022523-16-40/000005","Luke - External Data Sources/InsectSound1000/Nezara_viridula/2022523-16-40/000010","Luke - External Data Sources/InsectSound1000/Nezara_viridula/2022523-16-40/000019","Luke - External Data Sources/InsectSound1000/Nezara_viridula/2022523-16-40/000026","Luke - External Data Sources/InsectSound1000/Nezara_viridula/2022523-16-40/000032","Luke - External Data Sources/InsectSound1000/Nezara_viridula/2022523-16-40/000066","Luke - External Data Sources/InsectSound1000/Nezara_viridula/2022613-16-53/000025","Luke - External Data Sources/InsectSound1000/Nezara_viridula/2022613-16-53/000055","Luke - External Data Sources/InsectSound1000/Nezara_viridula/2022613-16-53/000057","Luke - External Data Sources/InsectSound1000/Nezara_viridula/2022614-15-44/000033","Luke - External Data Sources/InsectSound1000/Nezara_viridula/202262-15-28/000008","Luke - External Data Sources/InsectSound1000/Nezara_viridula/202262-15-28/000009","Luke - External Data Sources/InsectSound1000/Nezara_viridula/202262-15-28/000015","Luke - External Data Sources/InsectSound1000/Palomena_prasina/2022811-16-28/000016","Luke - External Data Sources/InsectSound1000/Palomena_prasina/2022811-16-28/000060","Luke - External Data Sources/InsectSound1000/Palomena_prasina/2022815-16-45/000043","Luke - External Data Sources/InsectSound1000/Rhaphigaster_nebulos/2023104-16-43/000059","Luke - External Data Sources/InsectSound1000/Rhaphigaster_nebulos/2023914-16-48/000002","Luke - External Data Sources/InsectSound1000/Rhaphigaster_nebulos/2023918-17-42/000027","Luke - External Data Sources/InsectSound1000/Rhaphigaster_nebulos/2023919-16-30/000039","Luke - Various Opportunistic Recordings/2025-06-23/1_23","Luke - Various Opportunistic Recordings/2025-07-03/1_37","Luke - Various Opportunistic Recordings/2025-08-05/31","Luke - Various Opportunistic Recordings/2025-08-12/1_114","Luke - Various Opportunistic Recordings/2025-08-27/48"
"EXCLUDE",0,0,0,0,0,0,0,0,0,0,0,0,0,0,0,0,0,0,0,0,0,0,0,0,0,0,0,0,0,0,0,0,0,0,0,0,0,3,0,0,0,0,0,0,0,0,0,0,0,0,0,0,0,0,0,0,2,2,0,0,0,0,0,0,0,0,0,0,0,0,0,0,0,0,0,0,0,0,0,0,0,0,0,0,0,0,0,0,0,0,0,0,0,0,0,0,0,0,0,0,0,0,0,0,0,0,0,0,0,0,0,0,0,0,0,0,0,0,0,0,0,0,0,0,0,0,0,0,0,0,0,0,0,0,0,0,0,0,0,0,0,0,0,0,0,0,0,0,0,0,0,0,0,0,0,0,0,0,0,0,0,0,0,0,0,0,0,0,0,0,0,0,0,0,0,0,0,0,0,0,0,0,0,0,0,0,0,0,0,0,0,0,0,0,0,0,0,0,0,0,0,0,0,0,0,0,0,0,0,0,0,0,0,0,0,0,0,0,0,0,0,0,0,0,0,0,0,0,0,0,0,0,0,0,0,0,0,0,0,0,0,0,0,0,0,0,0,0,0,0,0,0,0,0,0,0,0,0,0,0,0,0,0,0,0,0,0,0,0,0,0,0,0,0,0,0,0,2,0,0,4,3,0,0,0,2,0,0,0,0,0,0,0,0,0,0,0,0,0,0,0,0,0,0,0,0,0,0,0,0,0,0,0,0,0,0,0,0,0,0,0,0
"ambient_background",263,234,201,252,201,246,261,207,0,0,0,0,0,0,0,0,0,0,0,0,0,0,0,486,234,0,125,435,409,758,762,683,1411,3110,2733,3268,2455,0,0,1,2,0,0,0,0,0,0,0,0,0,0,2,74,2,0,2,2,0,2,4,2,4,0,2,2,2,0,2,2,2,2,4,2,4,2,2,4,2,2,2,2,2,0,2,2,0,2,2,2,0,4,2,2,0,0,0,2,2,4,0,0,0,2,0,2,2,0,4,2,2,2,2,0,2,2,2,0,0,2,0,0,0,0,2,0,0,0,0,0,0,0,0,2,0,0,0,0,0,0,0,0,0,0,0,0,0,0,0,0,0,0,0,0,0,0,0,0,0,10,0,2,2,2,0,0,0,0,0,2,0,2,0,0,0,2,0,0,2,0,0,0,0,0,0,0,0,2,0,2,0,6,0,4,0,0,2,2,2,2,0,0,4,0,0,0,2,0,2,0,0,0,2,2,2,0,4,0,2,0,2,0,0,0,0,0,0,2,4,2,4,0,0,2,0,0,2,0,0,2,2,0,0,2,0,2,0,0,0,0,0,0,2,0,0,0,0,0,0,2,0,4,2,2,0,0,0,2,0,0,0,0,2,0,0,0,0,0,0,0,0,0,0,0,0,0,4,0,0,0,0,2,0,0,0,0,2,2,0,2,2,2,0,8,0,0,0,0,0,0,0,0,2,0,0,0,2,0,185,3455,297,0,155
"ambient_bang",12,0,0,4,0,10,0,0,0,0,0,0,0,0,0,0,0,0,0,0,0,0,0,4,0,26,4,0,0,0,0,0,0,1,0,18,0,0,0,0,0,0,0,0,0,0,0,0,0,0,2,0,0,0,0,0,0,0,0,0,0,0,0,0,0,0,0,0,0,0,0,0,0,0,0,0,0,0,0,0,0,0,0,0,0,0,0,0,0,0,0,0,0,0,0,0,0,0,0,0,0,0,0,0,0,0,0,0,0,0,0,0,0,0,0,0,0,0,0,0,0,0,0,0,0,1,0,0,0,0,0,0,0,0,0,0,0,0,0,0,0,0,0,0,0,0,0,0,0,0,0,0,0,0,0,0,0,0,0,0,0,0,0,0,0,0,0,0,0,0,0,0,0,0,0,0,0,0,0,0,0,0,0,0,0,0,0,0,0,0,0,0,0,0,0,0,0,0,0,0,0,0,0,0,0,0,0,0,0,0,0,0,0,0,0,0,0,0,0,0,0,0,0,0,0,0,0,0,0,0,0,0,0,0,0,0,0,0,0,0,0,0,0,0,0,0,0,0,0,0,0,0,0,0,0,0,0,0,0,0,0,0,0,0,0,0,0,0,0,0,0,0,0,0,0,0,0,0,0,0,0,0,0,0,0,0,0,0,0,0,0,0,0,0,0,0,0,0,0,0,0,0,0,0,0,0,0,0,0,0,0,0,0,0,0,0,0,2,2,0,4,11
"ambient_music",0,0,0,0,0,0,0,0,0,0,0,0,0,0,0,0,0,0,0,0,0,0,0,0,0,0,0,126,0,159,0,0,0,0,0,0,0,0,0,0,0,0,0,0,0,0,0,0,0,0,0,0,0,0,0,0,0,0,0,0,0,0,0,0,0,0,0,0,0,0,0,0,0,0,0,0,0,0,0,0,0,0,0,0,0,0,0,0,0,0,0,0,0,0,0,0,0,0,0,0,0,0,0,0,0,0,0,0,0,0,0,0,0,0,0,0,0,0,0,0,0,0,0,0,0,0,0,0,0,0,0,0,0,0,0,0,0,0,0,0,0,0,0,0,0,0,0,0,0,0,0,0,0,0,0,0,0,0,0,0,0,0,0,0,0,0,0,0,0,0,0,0,0,0,0,0,0,0,0,0,0,0,0,0,0,0,0,0,0,0,0,0,0,0,0,0,0,0,0,0,0,0,0,0,0,0,0,0,0,0,0,0,0,0,0,0,0,0,0,0,0,0,0,0,0,0,0,0,0,0,0,0,0,0,0,0,0,0,0,0,0,0,0,0,0,0,0,0,0,0,0,0,0,0,0,0,0,0,0,0,0,0,0,0,0,0,0,0,0,0,0,0,0,0,0,0,0,0,0,0,0,0,0,0,0,0,0,0,0,0,0,0,0,0,0,0,0,0,0,0,0,0,0,0,0,0,0,0,0,0,0,0,0,0,0,0,0,0,0,0,0,0
"ambient_music_windchime",0,0,0,0,0,0,0,0,0,0,0,0,0,0,0,0,0,0,0,0,0,0,0,0,0,0,0,0,0,0,0,0,0,0,0,0,202,0,0,0,0,0,0,0,0,0,0,0,0,0,0,0,0,0,0,0,0,0,0,0,0,0,0,0,0,0,0,0,0,0,0,0,0,0,0,0,0,0,0,0,0,0,0,0,0,0,0,0,0,0,0,0,0,0,0,0,0,0,0,0,0,0,0,0,0,0,0,0,0,0,0,0,0,0,0,0,0,0,0,0,0,0,0,0,0,0,0,0,0,0,0,0,0,0,0,0,0,0,0,0,0,0,0,0,0,0,0,0,0,0,0,0,0,0,0,0,0,0,0,0,0,0,0,0,0,0,0,0,0,0,0,0,0,0,0,0,0,0,0,0,0,0,0,0,0,0,0,0,0,0,0,0,0,0,0,0,0,0,0,0,0,0,0,0,0,0,0,0,0,0,0,0,0,0,0,0,0,0,0,0,0,0,0,0,0,0,0,0,0,0,0,0,0,0,0,0,0,0,0,0,0,0,0,0,0,0,0,0,0,0,0,0,0,0,0,0,0,0,0,0,0,0,0,0,0,0,0,0,0,0,0,0,0,0,0,0,0,0,0,0,0,0,0,0,0,0,0,0,0,0,0,0,0,0,0,0,0,0,0,0,0,0,0,0,0,0,0,0,0,0,0,0,0,0,0,0,0,0,0,0,0,0
"ambient_noise",0,0,0,0,0,0,0,0,0,0,0,0,0,0,0,0,0,0,0,0,0,0,0,0,0,0,0,0,0,0,0,0,0,0,0,0,0,0,0,0,0,0,0,0,0,0,0,0,0,0,0,0,26,0,2,0,2,0,0,0,0,0,2,0,0,2,2,0,0,2,0,0,2,0,0,4,0,0,0,0,0,0,2,0,0,2,0,0,0,2,0,0,0,4,2,4,2,0,4,2,2,2,0,2,0,0,2,0,2,0,0,0,6,0,0,0,2,4,18,0,0,0,0,0,0,0,0,0,0,0,0,0,0,0,0,0,0,0,0,0,0,0,0,0,0,0,0,0,0,0,0,0,0,0,0,0,0,0,20,2,2,0,1,2,2,2,0,4,4,4,2,2,0,2,0,2,2,0,4,0,0,2,0,2,2,2,0,2,0,4,28,4,8,6,6,4,4,2,2,2,4,4,2,2,2,0,2,0,4,0,2,2,0,6,6,4,2,2,0,2,2,2,2,2,2,2,0,4,2,0,2,2,0,2,4,6,4,4,2,4,4,2,0,2,0,4,72,2,4,2,8,2,6,2,14,2,4,2,0,2,0,0,0,2,2,2,0,2,2,0,2,2,2,4,2,2,2,0,8,2,0,0,2,4,2,2,2,4,2,2,0,2,2,2,2,0,0,2,18,0,0,2,6,2,2,0,2,2,2,2,0,0,0,0,4,0,0,0,0,0,0,0
"ambient_rain",20,15,12,9,12,12,9,9,0,0,0,0,0,0,0,300,0,0,0,0,0,0,0,0,300,25,25,0,0,0,316,0,0,0,0,0,0,0,0,0,0,0,0,0,0,0,0,0,0,0,0,0,0,0,0,0,0,0,0,0,0,0,0,0,0,0,0,0,0,0,0,0,0,0,0,0,0,0,0,0,0,0,0,0,0,0,0,0,0,0,0,0,0,0,0,0,0,0,0,0,0,0,0,0,0,0,0,0,0,0,0,0,0,0,0,0,0,0,0,0,0,0,0,0,0,0,0,0,0,0,0,0,0,0,0,0,0,0,0,0,0,0,0,0,0,0,0,0,0,0,0,0,0,0,0,0,0,0,0,0,0,0,0,0,0,0,0,0,0,0,0,0,0,0,0,0,0,0,0,0,0,0,0,0,0,0,0,0,0,0,0,0,0,0,0,0,0,0,0,0,0,0,0,0,0,0,0,0,0,0,0,0,0,0,0,0,0,0,0,0,0,0,0,0,0,0,0,0,0,0,0,0,0,0,0,0,0,0,0,0,0,0,0,0,0,0,0,0,0,0,0,0,0,0,0,0,0,0,0,0,0,0,0,0,0,0,0,0,0,0,0,0,0,0,0,0,0,0,0,0,0,0,0,0,0,0,0,0,0,0,0,0,0,0,0,0,0,0,0,0,0,0,0,0,0,0,0,0,0,0,0,0,0,0,0,0,0,0,0,0,642,0
"ambient_ringing",0,0,0,0,0,0,0,0,0,0,0,0,0,0,0,0,0,0,0,0,0,0,0,0,0,0,0,0,0,0,0,0,0,0,0,0,0,0,0,0,0,0,0,0,0,0,0,0,0,0,0,0,0,0,0,0,0,0,0,0,0,0,0,0,0,0,0,0,0,0,0,0,0,0,0,0,0,0,0,0,0,0,0,0,0,0,0,0,0,0,0,0,0,0,0,0,0,0,0,0,0,0,0,0,0,0,0,0,0,0,0,0,0,0,0,0,0,0,0,0,0,0,0,0,0,0,0,0,0,0,0,0,0,0,0,0,0,0,0,0,0,0,0,0,0,0,0,0,0,0,0,0,0,0,0,0,0,0,0,0,0,0,0,0,0,0,0,0,0,0,0,0,0,0,0,0,0,0,0,0,0,0,0,0,0,0,0,0,0,0,0,0,0,0,0,0,0,0,0,0,0,0,0,0,0,0,0,0,0,0,0,0,0,0,0,0,0,0,0,0,0,0,0,0,0,0,0,0,0,0,0,0,0,0,0,0,0,0,0,0,0,0,0,0,0,0,0,0,0,0,0,0,0,0,0,0,0,0,0,0,0,0,0,0,0,0,0,0,0,0,0,0,0,0,0,0,0,0,0,0,0,0,0,0,0,0,0,0,0,0,0,0,0,0,0,0,0,0,0,0,0,0,0,0,0,0,0,0,0,0,0,0,0,0,0,0,0,0,0,0,45,0
"ambient_rustle",4,0,0,2,0,22,0,0,5,0,0,0,0,8,0,0,41,0,0,14,0,0,0,56,26,0,0,2,97,7,92,0,3,44,21,11,245,0,0,0,0,0,0,0,0,0,0,0,0,0,0,0,0,0,0,0,0,0,0,0,0,0,0,0,0,0,0,0,0,0,0,0,0,0,0,0,0,0,0,0,0,0,0,0,0,0,0,0,0,0,0,0,0,0,0,0,0,0,0,0,0,0,0,0,0,0,0,0,0,0,0,0,0,0,0,0,0,0,0,0,0,0,0,0,0,0,0,0,0,0,0,0,0,0,0,0,0,0,0,0,0,0,0,0,0,0,0,0,0,0,0,0,0,0,0,0,0,0,0,0,0,0,0,0,0,0,0,0,0,0,0,0,0,0,0,0,0,0,0,0,0,0,0,0,0,0,0,0,0,0,0,0,0,0,0,0,0,0,0,0,0,0,0,0,0,0,0,0,0,0,0,0,0,0,0,0,0,0,0,0,0,0,0,0,0,0,0,0,0,0,0,0,0,0,0,0,0,0,0,0,0,0,0,0,0,0,0,0,0,0,0,0,0,0,0,0,0,0,0,0,0,0,0,0,0,0,0,0,0,0,0,0,0,0,0,0,0,0,0,0,0,0,0,0,0,0,0,0,0,0,0,0,0,0,0,0,0,0,0,0,0,0,0,0,0,0,0,0,0,0,0,0,0,0,0,0,0,0,0,14,59,0
"ambient_scraping",407,3,0,43,0,25,0,0,6,0,0,0,0,0,0,0,3,0,0,0,3,0,0,30,36,0,0,0,39,33,27,0,2,64,0,23,0,0,0,0,0,0,0,0,0,0,0,0,3,0,0,0,0,0,0,0,0,0,0,0,0,0,0,0,0,0,0,0,0,0,0,0,0,0,0,0,0,0,0,0,0,0,0,0,0,0,0,0,0,0,0,0,0,0,0,0,0,0,0,0,0,0,0,0,0,0,0,0,0,0,0,0,0,0,0,0,0,0,0,0,0,0,0,0,0,0,0,0,0,0,0,0,0,0,0,0,0,0,0,0,0,0,0,0,0,0,0,0,0,0,0,0,0,0,0,0,0,0,0,0,0,0,0,0,0,0,0,0,0,0,0,0,0,0,0,0,0,0,0,0,0,0,0,0,0,0,0,0,0,0,0,0,0,0,0,0,0,0,0,0,0,0,0,0,0,0,0,0,0,0,0,0,0,0,0,0,0,0,0,0,0,0,0,0,0,0,0,0,0,0,0,0,0,0,0,0,0,0,0,0,0,0,0,0,0,0,0,0,0,0,0,0,0,0,0,0,0,0,0,0,0,0,0,0,0,0,0,0,0,0,0,0,0,0,0,0,0,0,0,0,0,0,0,0,0,0,0,0,0,0,0,0,0,0,0,0,0,0,0,0,0,0,0,0,0,0,0,0,0,0,0,0,0,0,0,0,0,5,0,1,169,0
"ambient_thunder",0,0,0,0,0,0,0,0,0,0,0,0,0,0,0,0,0,0,0,0,0,0,0,0,77,0,0,0,0,0,0,0,150,0,0,0,0,0,0,0,0,0,0,0,0,0,0,0,0,0,0,0,0,0,0,0,0,0,0,0,0,0,0,0,0,0,0,0,0,0,0,0,0,0,0,0,0,0,0,0,0,0,0,0,0,0,0,0,0,0,0,0,0,0,0,0,0,0,0,0,0,0,0,0,0,0,0,0,0,0,0,0,0,0,0,0,0,0,0,0,0,0,0,0,0,0,0,0,0,0,0,0,0,0,0,0,0,0,0,0,0,0,0,0,0,0,0,0,0,0,0,0,0,0,0,0,0,0,0,0,0,0,0,0,0,0,0,0,0,0,0,0,0,0,0,0,0,0,0,0,0,0,0,0,0,0,0,0,0,0,0,0,0,0,0,0,0,0,0,0,0,0,0,0,0,0,0,0,0,0,0,0,0,0,0,0,0,0,0,0,0,0,0,0,0,0,0,0,0,0,0,0,0,0,0,0,0,0,0,0,0,0,0,0,0,0,0,0,0,0,0,0,0,0,0,0,0,0,0,0,0,0,0,0,0,0,0,0,0,0,0,0,0,0,0,0,0,0,0,0,0,0,0,0,0,0,0,0,0,0,0,0,0,0,0,0,0,0,0,0,0,0,0,0,0,0,0,0,0,0,0,0,0,0,0,0,0,0,0,0,62,0
"ambient_wind",0,0,0,0,0,0,0,0,0,0,0,0,0,0,0,0,0,0,0,0,0,0,0,0,0,0,0,17,0,0,0,0,0,0,0,87,154,0,0,0,0,0,0,0,0,0,0,0,0,0,0,0,0,0,0,0,0,0,0,0,0,0,0,0,0,0,0,0,0,0,0,0,0,0,0,0,0,0,0,0,0,0,0,0,0,0,0,0,0,0,0,0,0,0,0,0,0,0,0,0,0,0,0,0,0,0,0,0,0,0,0,0,0,0,0,0,0,0,0,0,0,0,0,0,0,0,0,0,0,0,0,0,0,0,0,0,0,0,0,0,0,0,0,0,0,0,0,0,0,0,0,0,0,0,0,0,0,0,0,0,0,0,0,0,0,0,0,0,0,0,0,0,0,0,0,0,0,0,0,0,0,0,0,0,0,0,0,0,0,0,0,0,0,0,0,0,0,0,0,0,0,0,0,0,0,0,0,0,0,0,0,0,0,0,0,0,0,0,0,0,0,0,0,0,0,0,0,0,0,0,0,0,0,0,0,0,0,0,0,0,0,0,0,0,0,0,0,0,0,0,0,0,0,0,0,0,0,0,0,0,0,0,0,0,0,0,0,0,0,0,0,0,0,0,0,0,0,0,0,0,0,0,0,0,0,0,0,0,0,0,0,0,0,0,0,0,0,0,0,0,0,0,0,0,0,0,0,0,0,0,0,0,0,0,0,0,0,0,0,0,65,0
"animal_bird_crow",0,0,0,0,0,0,0,0,0,0,0,0,0,0,0,0,0,0,0,0,0,0,0,0,0,0,0,14,0,0,0,0,0,0,0,0,0,0,0,0,0,0,0,0,0,0,0,0,0,0,0,0,0,0,0,0,0,0,0,0,0,0,0,0,0,0,0,0,0,0,0,0,0,0,0,0,0,0,0,0,0,0,0,0,0,0,0,0,0,0,0,0,0,0,0,0,0,0,0,0,0,0,0,0,0,0,0,0,0,0,0,0,0,0,0,0,0,0,0,0,0,0,0,0,0,0,0,0,0,0,0,0,0,0,0,0,0,0,0,0,0,0,0,0,0,0,0,0,0,0,0,0,0,0,0,0,0,0,0,0,0,0,0,0,0,0,0,0,0,0,0,0,0,0,0,0,0,0,0,0,0,0,0,0,0,0,0,0,0,0,0,0,0,0,0,0,0,0,0,0,0,0,0,0,0,0,0,0,0,0,0,0,0,0,0,0,0,0,0,0,0,0,0,0,0,0,0,0,0,0,0,0,0,0,0,0,0,0,0,0,0,0,0,0,0,0,0,0,0,0,0,0,0,0,0,0,0,0,0,0,0,0,0,0,0,0,0,0,0,0,0,0,0,0,0,0,0,0,0,0,0,0,0,0,0,0,0,0,0,0,0,0,0,0,0,0,0,0,0,0,0,0,0,0,0,0,0,0,0,0,0,0,0,0,0,0,0,0,0,0,0,0
"animal_bird_goose",0,0,0,0,0,0,0,0,0,0,0,0,0,0,0,0,0,0,0,0,0,0,0,0,0,0,0,9,0,7,3,21,0,0,0,0,0,0,0,0,0,0,0,0,0,0,0,0,0,0,0,0,0,0,0,0,0,0,0,0,0,0,0,0,0,0,0,0,0,0,0,0,0,0,0,0,0,0,0,0,0,0,0,0,0,0,0,0,0,0,0,0,0,0,0,0,0,0,0,0,0,0,0,0,0,0,0,0,0,0,0,0,0,0,0,0,0,0,0,0,0,0,0,0,0,0,0,0,0,0,0,0,0,0,0,0,0,0,0,0,0,0,0,0,0,0,0,0,0,0,0,0,0,0,0,0,0,0,0,0,0,0,0,0,0,0,0,0,0,0,0,0,0,0,0,0,0,0,0,0,0,0,0,0,0,0,0,0,0,0,0,0,0,0,0,0,0,0,0,0,0,0,0,0,0,0,0,0,0,0,0,0,0,0,0,0,0,0,0,0,0,0,0,0,0,0,0,0,0,0,0,0,0,0,0,0,0,0,0,0,0,0,0,0,0,0,0,0,0,0,0,0,0,0,0,0,0,0,0,0,0,0,0,0,0,0,0,0,0,0,0,0,0,0,0,0,0,0,0,0,0,0,0,0,0,0,0,0,0,0,0,0,0,0,0,0,0,0,0,0,0,0,0,0,0,0,0,0,0,0,0,0,0,0,0,0,0,0,0,0,0,0
"animal_cow",0,0,0,0,0,0,0,0,0,0,0,0,0,0,0,0,0,0,0,0,0,0,0,0,0,0,0,1,0,0,0,0,0,0,0,0,0,0,0,0,0,0,0,0,0,0,0,0,0,0,0,0,0,0,0,0,0,0,0,0,0,0,0,0,0,0,0,0,0,0,0,0,0,0,0,0,0,0,0,0,0,0,0,0,0,0,0,0,0,0,0,0,0,0,0,0,0,0,0,0,0,0,0,0,0,0,0,0,0,0,0,0,0,0,0,0,0,0,0,0,0,0,0,0,0,0,0,0,0,0,0,0,0,0,0,0,0,0,0,0,0,0,0,0,0,0,0,0,0,0,0,0,0,0,0,0,0,0,0,0,0,0,0,0,0,0,0,0,0,0,0,0,0,0,0,0,0,0,0,0,0,0,0,0,0,0,0,0,0,0,0,0,0,0,0,0,0,0,0,0,0,0,0,0,0,0,0,0,0,0,0,0,0,0,0,0,0,0,0,0,0,0,0,0,0,0,0,0,0,0,0,0,0,0,0,0,0,0,0,0,0,0,0,0,0,0,0,0,0,0,0,0,0,0,0,0,0,0,0,0,0,0,0,0,0,0,0,0,0,0,0,0,0,0,0,0,0,0,0,0,0,0,0,0,0,0,0,0,0,0,0,0,0,0,0,0,0,0,0,0,0,0,0,0,0,0,0,0,0,0,0,0,0,0,0,0,0,0,0,0,0,0
"animal_dog",0,0,0,0,0,0,0,0,0,0,0,0,0,0,0,0,0,0,0,0,0,0,0,0,0,0,0,22,0,0,0,0,0,0,0,0,22,0,0,0,0,0,0,0,0,0,0,0,0,0,0,0,0,0,0,0,0,0,0,0,0,0,0,0,0,0,0,0,0,0,0,0,0,0,0,0,0,0,0,0,0,0,0,0,0,0,0,0,0,0,0,0,0,0,0,0,0,0,0,0,0,0,0,0,0,0,0,0,0,0,0,0,0,0,0,0,0,0,0,0,0,0,0,0,0,0,0,0,0,0,0,0,0,0,0,0,0,0,0,0,0,0,0,0,0,0,0,0,0,0,0,0,0,0,0,0,0,0,0,0,0,0,0,0,0,0,0,0,0,0,0,0,0,0,0,0,0,0,0,0,0,0,0,0,0,0,0,0,0,0,0,0,0,0,0,0,0,0,0,0,0,0,0,0,0,0,0,0,0,0,0,0,0,0,0,0,0,0,0,0,0,0,0,0,0,0,0,0,0,0,0,0,0,0,0,0,0,0,0,0,0,0,0,0,0,0,0,0,0,0,0,0,0,0,0,0,0,0,0,0,0,0,0,0,0,0,0,0,0,0,0,0,0,0,0,0,0,0,0,0,0,0,0,0,0,0,0,0,0,0,0,0,0,0,0,0,0,0,0,0,0,0,0,0,0,0,0,0,0,0,0,0,0,0,0,0,0,0,0,0,7,0
"animal_frog",0,0,0,0,0,0,0,0,0,0,0,0,0,0,0,0,0,0,0,0,0,0,0,0,0,0,0,0,0,0,0,0,0,0,0,5,7,0,0,0,0,0,0,0,0,0,0,0,0,0,0,0,0,0,0,0,0,0,0,0,0,0,0,0,0,0,0,0,0,0,0,0,0,0,0,0,0,0,0,0,0,0,0,0,0,0,0,0,0,0,0,0,0,0,0,0,0,0,0,0,0,0,0,0,0,0,0,0,0,0,0,0,0,0,0,0,0,0,0,0,0,0,0,0,0,0,0,0,0,0,0,0,0,0,0,0,0,0,0,0,0,0,0,0,0,0,0,0,0,0,0,0,0,0,0,0,0,0,0,0,0,0,0,0,0,0,0,0,0,0,0,0,0,0,0,0,0,0,0,0,0,0,0,0,0,0,0,0,0,0,0,0,0,0,0,0,0,0,0,0,0,0,0,0,0,0,0,0,0,0,0,0,0,0,0,0,0,0,0,0,0,0,0,0,0,0,0,0,0,0,0,0,0,0,0,0,0,0,0,0,0,0,0,0,0,0,0,0,0,0,0,0,0,0,0,0,0,0,0,0,0,0,0,0,0,0,0,0,0,0,0,0,0,0,0,0,0,0,0,0,0,0,0,0,0,0,0,0,0,0,0,0,0,0,0,0,0,0,0,0,0,0,0,0,0,0,0,0,0,0,0,0,0,0,0,0,0,0,0,0,3,0
"animal_frog_pickerel",0,0,0,0,0,0,0,0,0,0,0,0,0,0,0,0,0,0,0,0,0,0,0,0,0,0,0,0,0,134,0,0,0,0,0,0,0,0,0,0,0,0,0,0,0,0,0,0,0,0,0,0,0,0,0,0,0,0,0,0,0,0,0,0,0,0,0,0,0,0,0,0,0,0,0,0,0,0,0,0,0,0,0,0,0,0,0,0,0,0,0,0,0,0,0,0,0,0,0,0,0,0,0,0,0,0,0,0,0,0,0,0,0,0,0,0,0,0,0,0,0,0,0,0,0,0,0,0,0,0,0,0,0,0,0,0,0,0,0,0,0,0,0,0,0,0,0,0,0,0,0,0,0,0,0,0,0,0,0,0,0,0,0,0,0,0,0,0,0,0,0,0,0,0,0,0,0,0,0,0,0,0,0,0,0,0,0,0,0,0,0,0,0,0,0,0,0,0,0,0,0,0,0,0,0,0,0,0,0,0,0,0,0,0,0,0,0,0,0,0,0,0,0,0,0,0,0,0,0,0,0,0,0,0,0,0,0,0,0,0,0,0,0,0,0,0,0,0,0,0,0,0,0,0,0,0,0,0,0,0,0,0,0,0,0,0,0,0,0,0,0,0,0,0,0,0,0,0,0,0,0,0,0,0,0,0,0,0,0,0,0,0,0,0,0,0,0,0,0,0,0,0,0,0,0,0,0,0,0,0,0,0,0,0,0,0,0,0,0,0,0,0
"animal_frog_tree",0,0,0,0,0,0,0,0,0,0,0,0,0,0,0,0,0,0,0,0,0,0,0,31,118,0,0,0,0,0,0,0,0,0,0,0,0,0,0,0,0,0,0,0,0,0,0,0,0,0,0,0,0,0,0,0,0,0,0,0,0,0,0,0,0,0,0,0,0,0,0,0,0,0,0,0,0,0,0,0,0,0,0,0,0,0,0,0,0,0,0,0,0,0,0,0,0,0,0,0,0,0,0,0,0,0,0,0,0,0,0,0,0,0,0,0,0,0,0,0,0,0,0,0,0,0,0,0,0,0,0,0,0,0,0,0,0,0,0,0,0,0,0,0,0,0,0,0,0,0,0,0,0,0,0,0,0,0,0,0,0,0,0,0,0,0,0,0,0,0,0,0,0,0,0,0,0,0,0,0,0,0,0,0,0,0,0,0,0,0,0,0,0,0,0,0,0,0,0,0,0,0,0,0,0,0,0,0,0,0,0,0,0,0,0,0,0,0,0,0,0,0,0,0,0,0,0,0,0,0,0,0,0,0,0,0,0,0,0,0,0,0,0,0,0,0,0,0,0,0,0,0,0,0,0,0,0,0,0,0,0,0,0,0,0,0,0,0,0,0,0,0,0,0,0,0,0,0,0,0,0,0,0,0,0,0,0,0,0,0,0,0,0,0,0,0,0,0,0,0,0,0,0,0,0,0,0,0,0,0,0,0,0,0,0,0,0,0,0,0,0,0
"animal_squirrel",0,0,0,0,0,0,0,0,0,0,0,0,0,0,0,0,0,0,0,0,0,0,0,0,0,0,0,0,0,0,0,0,0,0,0,0,2,0,0,0,0,0,0,0,0,0,0,0,0,0,0,0,0,0,0,0,0,0,0,0,0,0,0,0,0,0,0,0,0,0,0,0,0,0,0,0,0,0,0,0,0,0,0,0,0,0,0,0,0,0,0,0,0,0,0,0,0,0,0,0,0,0,0,0,0,0,0,0,0,0,0,0,0,0,0,0,0,0,0,0,0,0,0,0,0,0,0,0,0,0,0,0,0,0,0,0,0,0,0,0,0,0,0,0,0,0,0,0,0,0,0,0,0,0,0,0,0,0,0,0,0,0,0,0,0,0,0,0,0,0,0,0,0,0,0,0,0,0,0,0,0,0,0,0,0,0,0,0,0,0,0,0,0,0,0,0,0,0,0,0,0,0,0,0,0,0,0,0,0,0,0,0,0,0,0,0,0,0,0,0,0,0,0,0,0,0,0,0,0,0,0,0,0,0,0,0,0,0,0,0,0,0,0,0,0,0,0,0,0,0,0,0,0,0,0,0,0,0,0,0,0,0,0,0,0,0,0,0,0,0,0,0,0,0,0,0,0,0,0,0,0,0,0,0,0,0,0,0,0,0,0,0,0,0,0,0,0,0,0,0,0,0,0,0,0,0,0,0,0,0,0,0,0,0,0,0,0,0,0,0,6,0
"human",45,6,0,322,5,0,221,0,0,0,0,0,0,0,0,0,0,0,0,0,0,0,0,0,0,0,0,0,27,11,19,13,0,8,0,5,295,0,0,0,0,0,0,0,0,0,0,0,0,0,0,0,0,0,0,0,0,0,0,0,0,0,0,0,0,0,0,0,0,0,0,0,0,0,0,0,0,0,0,0,0,0,0,0,0,0,0,0,0,0,0,0,0,0,0,0,0,0,0,0,0,0,0,0,0,0,0,0,0,0,0,0,0,0,0,0,0,0,0,0,0,0,0,0,0,0,0,0,0,0,0,0,0,0,0,0,0,0,0,0,0,0,0,0,0,0,0,0,0,0,0,0,0,0,0,0,0,0,0,0,0,0,0,0,0,0,0,0,0,0,0,0,0,0,0,0,0,0,0,0,0,0,0,0,0,0,0,0,0,0,0,0,0,0,0,0,0,0,0,0,0,0,0,0,0,0,0,0,0,0,0,0,0,0,0,0,0,0,0,0,0,0,0,0,0,0,0,0,0,0,0,0,0,0,0,0,0,0,0,0,0,0,0,0,0,0,0,0,0,0,0,0,0,0,0,0,0,0,0,0,0,0,0,0,0,0,0,0,0,0,0,0,0,0,0,0,0,0,0,0,0,0,0,0,0,0,0,0,0,0,0,0,0,0,0,0,0,0,0,0,0,0,0,0,0,0,0,0,0,0,0,0,0,0,0,0,0,12,0,0,0,1
"ins_buzz",0,0,0,0,0,0,0,0,0,0,0,0,0,0,0,0,0,0,0,0,0,0,0,0,0,0,0,0,0,0,0,0,0,0,0,0,0,0,0,0,0,0,0,3,0,0,0,0,0,3,0,0,0,0,0,0,0,0,0,0,0,0,0,0,0,0,0,0,0,0,0,0,0,0,0,0,0,0,0,0,0,0,0,0,0,0,0,0,0,0,0,0,0,0,0,0,0,0,0,0,0,0,0,0,0,0,0,0,0,0,0,0,0,0,0,0,0,0,0,0,0,0,0,0,3,0,0,0,0,0,0,0,0,0,0,0,0,0,0,0,0,0,0,0,0,0,0,0,0,3,3,0,0,0,0,0,0,0,0,0,0,0,0,0,0,0,0,0,0,0,0,0,0,0,0,0,0,0,0,0,0,0,0,0,0,0,0,0,0,0,0,0,0,0,0,0,0,0,0,0,0,0,0,0,0,0,0,0,0,0,0,0,0,0,0,0,0,0,0,0,0,0,0,0,0,0,0,0,0,0,0,0,0,0,0,0,0,0,0,0,0,0,0,0,0,0,0,0,0,0,0,0,0,0,0,0,0,0,0,0,0,0,0,0,0,0,0,0,0,0,0,0,0,0,0,0,0,0,0,0,0,0,0,0,0,0,0,0,0,0,0,0,0,0,0,0,0,0,0,0,0,0,0,0,0,0,0,0,0,0,0,0,0,1,0,0,0,0,0,0,0,0
"ins_buzz_Bombus",0,0,0,0,0,0,0,0,0,0,0,0,0,0,0,0,0,0,0,0,0,0,0,0,0,0,0,0,0,0,0,0,0,0,0,0,0,0,0,0,0,0,0,0,0,0,6,0,0,0,0,0,0,0,0,0,0,0,0,0,0,0,0,0,0,0,0,0,0,0,0,0,0,0,0,0,0,0,0,0,0,0,0,0,0,0,0,0,0,0,0,0,0,0,0,0,0,0,0,0,0,0,0,0,0,0,0,0,0,0,0,0,0,0,0,0,0,0,0,0,0,0,0,0,0,0,0,0,0,0,0,0,0,0,0,0,0,0,0,0,0,0,0,0,0,0,0,0,0,0,0,0,0,0,0,0,0,0,0,0,0,0,0,0,0,0,0,0,0,0,0,0,0,0,0,0,0,0,0,0,0,0,0,0,0,0,0,0,0,0,0,0,0,0,0,0,0,0,0,0,0,0,0,0,0,0,0,0,0,0,0,0,0,0,0,0,0,0,0,0,0,0,0,0,0,0,0,0,0,0,0,0,0,0,0,0,0,0,0,0,0,0,0,0,0,0,0,0,0,0,0,0,0,0,0,0,0,0,0,0,0,0,0,0,0,0,0,0,0,0,0,0,0,0,0,0,0,0,0,0,0,0,0,0,0,0,0,0,0,0,0,0,0,0,0,0,0,0,0,0,0,0,0,0,0,0,0,0,0,0,0,0,0,0,0,0,0,0,0,0,0,0
"ins_buzz_Episyrphus",0,0,0,0,0,0,0,0,0,0,0,0,0,0,0,0,0,0,0,0,0,0,0,0,0,0,0,0,0,0,0,0,0,0,0,0,0,0,0,0,0,0,0,0,0,0,0,0,0,0,0,0,0,0,0,0,0,0,0,0,0,0,0,0,0,0,0,0,0,0,0,0,0,0,0,0,0,0,0,0,0,0,0,0,0,0,0,0,0,0,0,0,0,0,0,0,0,0,0,0,0,0,0,0,0,0,0,0,0,0,0,0,0,0,0,0,0,0,0,2,2,0,2,0,2,0,2,0,66,2,0,2,0,2,2,4,0,4,2,2,0,0,0,0,0,0,2,8,6,0,2,2,2,4,2,2,2,2,0,0,0,0,0,0,0,0,0,0,0,0,0,0,0,0,0,0,0,0,0,0,0,0,0,0,0,0,0,0,0,0,0,0,0,0,0,0,0,0,0,0,0,0,0,0,0,0,0,0,0,0,0,0,0,0,0,0,0,0,0,0,0,0,0,0,0,0,0,0,0,0,0,0,0,0,0,0,0,0,0,0,0,0,0,0,0,0,0,0,0,0,0,0,0,0,0,0,0,0,0,0,0,0,0,0,0,0,0,0,0,0,0,0,0,0,0,0,0,0,0,0,0,0,0,0,0,0,0,0,0,0,0,0,0,0,0,0,0,0,0,0,0,0,0,0,0,0,0,0,0,0,0,0,0,0,0,0,0,0,0,0,0,0
"ins_buzz_Halyomorpha",0,0,0,0,0,0,0,0,0,0,0,0,0,0,0,0,0,0,0,0,0,0,0,0,0,0,0,0,0,0,0,0,0,0,0,0,0,0,0,0,0,0,0,0,0,0,0,0,0,0,0,0,0,0,0,0,0,0,0,0,0,0,0,0,0,0,0,0,0,0,0,0,0,0,0,0,0,0,0,0,0,0,0,0,0,0,0,0,0,0,0,0,0,0,0,0,0,0,0,0,0,0,0,0,0,0,0,0,0,0,0,0,0,0,0,0,0,0,0,0,0,0,0,0,0,0,0,0,0,0,0,0,0,0,0,0,0,0,0,0,0,0,0,0,0,0,0,0,0,0,0,0,0,0,0,0,0,0,0,0,0,0,1,0,0,0,0,0,0,0,0,0,0,0,0,0,0,0,0,0,1,0,0,0,0,0,0,0,0,0,0,0,0,0,0,0,1,0,0,0,0,0,0,0,0,0,0,0,0,0,0,0,0,0,0,0,0,0,0,0,0,0,0,0,0,0,0,0,0,0,0,0,0,0,0,0,0,0,0,0,0,0,0,0,0,0,0,0,0,0,0,0,0,0,0,0,0,0,0,0,0,0,0,0,0,0,0,0,0,0,0,0,0,0,0,0,0,0,0,0,0,0,0,0,0,0,0,0,0,0,0,0,0,0,0,0,0,0,0,0,0,0,0,0,0,0,0,0,0,0,0,0,0,0,0,0,0,0,0,0,0,0
"ins_buzz_Nezara",0,0,0,0,0,0,0,0,0,0,0,0,0,0,0,0,0,0,0,0,0,0,0,0,0,0,0,0,0,0,0,0,0,0,0,0,0,0,0,0,0,0,0,0,0,0,0,0,0,0,0,0,0,0,0,0,0,0,0,0,0,0,0,0,0,0,0,0,0,0,0,0,0,0,0,0,0,0,0,0,0,0,0,0,0,0,0,0,0,0,0,0,0,0,0,0,0,0,0,0,0,0,0,0,0,0,0,0,0,0,0,0,0,0,0,0,0,0,0,0,0,0,0,0,0,0,0,0,0,0,0,0,0,0,0,0,0,0,0,0,0,0,0,0,0,0,0,0,0,0,0,0,0,0,0,0,0,0,0,0,0,0,0,0,0,0,0,0,0,0,0,0,0,0,0,0,0,0,0,0,0,0,0,0,0,0,0,0,0,0,0,0,0,0,0,0,0,0,0,0,0,0,0,0,0,0,0,0,0,0,0,0,0,0,0,0,0,0,0,0,0,0,0,0,0,0,0,0,0,0,0,0,0,0,0,0,0,0,0,0,0,0,0,0,0,0,0,0,0,0,0,0,0,0,0,0,0,0,0,0,0,0,0,0,0,0,0,0,0,0,0,0,0,0,0,0,0,0,0,0,0,0,0,0,0,0,0,0,0,0,0,0,0,0,0,0,0,0,3,0,0,0,0,0,0,0,0,0,0,0,0,0,0,0,0,0,0,0,0,0,0,0
"ins_buzz_RECLASSIFY",1,0,0,0,0,0,0,0,1,0,0,0,0,0,0,0,0,0,0,0,0,0,0,3,4,0,0,0,0,1,1,0,0,0,0,0,0,0,0,0,0,0,0,0,0,0,0,0,0,0,0,0,0,0,0,0,0,0,0,0,0,0,0,0,0,0,0,0,0,0,0,0,0,0,0,0,0,0,0,0,0,0,0,0,0,0,0,0,0,0,0,0,0,0,0,0,0,0,0,0,0,0,0,0,0,0,0,0,0,0,0,0,0,0,0,0,0,0,0,0,0,0,0,0,0,0,0,0,0,0,0,0,0,0,0,0,0,0,0,0,0,0,0,0,0,0,0,0,0,0,0,0,0,0,0,0,0,0,0,0,0,0,0,0,0,0,0,0,0,0,0,0,0,0,0,0,0,0,0,0,0,0,0,0,0,0,0,0,0,0,0,0,0,0,0,0,0,0,0,0,0,0,0,0,0,0,0,0,0,0,0,0,0,0,0,0,0,0,0,0,0,0,0,0,0,0,0,0,0,0,0,0,0,0,0,0,0,0,0,0,0,0,0,0,0,0,0,0,0,0,0,0,0,0,0,0,0,0,0,0,0,0,0,0,0,0,0,0,0,0,0,0,0,0,0,0,0,0,0,0,0,0,0,0,0,0,0,0,0,0,0,0,0,0,0,0,0,0,0,0,0,0,0,0,0,0,0,0,0,0,0,0,0,0,0,0,0,0,0,0,0,0
"ins_buzz_high",12,5,23,28,5,3,3,5,0,0,0,2,4,1,3,0,18,0,0,0,5,0,0,3,0,0,0,8,16,38,13,2,0,87,12,0,5,0,0,0,0,0,0,0,0,0,0,0,0,0,0,0,0,0,0,0,0,0,0,0,0,0,0,0,0,0,0,0,0,0,0,0,0,0,0,0,0,0,0,0,0,0,0,0,0,0,0,0,0,0,0,0,0,0,0,0,0,0,0,0,0,0,0,0,0,0,0,0,0,0,0,0,0,0,0,0,0,0,0,0,0,0,0,0,0,0,0,0,0,0,0,0,0,0,0,1,0,0,0,0,2,0,0,0,0,0,0,0,0,0,0,0,0,0,0,0,0,0,0,0,0,0,0,0,0,0,0,0,0,0,0,0,0,0,0,0,0,0,0,0,0,0,0,0,0,0,0,0,0,0,0,0,0,0,0,0,0,0,0,0,0,0,0,0,0,0,0,0,0,0,0,0,0,0,0,0,0,0,0,0,0,0,0,0,0,0,0,0,0,0,0,0,0,0,0,0,0,0,0,0,0,0,0,0,0,0,0,0,0,0,0,0,0,0,0,0,0,0,0,0,0,0,0,0,0,0,0,0,0,0,0,0,0,0,0,0,0,0,0,0,0,0,0,0,0,0,0,0,0,0,0,0,0,0,0,0,0,0,0,0,0,0,0,0,0,0,0,0,0,0,0,0,0,0,0,0,0,0,3,12,40,0
"ins_buzz_low",30,17,26,69,10,33,40,10,0,0,0,0,0,0,4,0,2,0,0,0,0,0,0,7,34,4,4,0,47,266,183,48,2,48,14,0,245,1,0,0,0,0,0,0,0,0,0,0,0,0,0,0,0,0,0,0,0,0,0,0,0,0,0,0,0,0,0,0,0,0,0,0,2,0,0,0,0,0,0,0,0,0,0,0,0,0,0,0,0,0,0,0,0,0,0,0,0,0,0,0,0,0,0,0,0,0,0,0,0,0,0,0,0,0,0,0,0,0,0,0,0,0,0,0,0,2,0,3,27,0,2,0,0,0,0,5,0,0,0,0,0,2,1,3,0,3,0,0,0,0,3,0,0,3,0,0,0,0,0,0,0,0,0,0,0,0,0,0,0,0,0,0,0,0,0,0,0,0,0,0,0,0,0,0,0,0,0,0,0,0,0,0,0,0,0,0,0,0,0,0,0,0,0,0,0,0,0,0,0,0,0,0,0,0,0,0,0,0,0,0,0,0,0,0,0,0,0,0,0,0,0,0,0,0,0,0,0,0,0,0,0,0,0,0,0,0,0,0,0,0,0,0,0,0,0,0,0,0,0,0,0,0,0,0,0,0,0,0,0,0,0,0,0,0,0,0,0,0,0,0,0,0,0,0,0,0,0,0,0,0,0,0,0,0,0,0,0,0,0,0,0,0,0,0,0,0,0,0,0,0,0,0,0,0,0,0,0,0,5,0,51,0
"ins_buzz_medium",68,40,129,71,56,29,47,12,3,0,48,38,2,67,4,1,14,5,0,2,24,15,10,235,40,48,51,2376,94,138,59,119,1146,56,92,83,34,2,0,0,0,0,3,0,2,3,0,3,0,0,0,0,0,0,0,0,0,0,0,0,0,0,0,0,0,0,0,0,0,0,0,0,0,0,0,0,0,0,0,0,0,0,0,0,0,0,0,0,0,0,0,0,0,0,0,0,0,0,0,0,0,0,0,0,0,0,0,0,0,0,0,0,0,0,0,0,0,0,0,0,0,3,0,0,0,0,0,0,0,0,0,0,0,0,0,0,1,0,0,0,0,0,3,0,3,0,0,0,0,0,0,0,0,0,0,0,0,0,0,0,0,0,0,0,0,0,0,0,0,0,0,0,0,0,0,0,0,0,0,0,0,0,0,0,0,0,0,0,0,0,0,0,0,0,0,0,0,0,0,0,0,0,0,0,0,0,0,0,0,0,0,0,0,0,0,0,0,0,0,0,0,0,0,0,0,0,0,0,0,0,0,0,0,0,0,0,0,0,0,0,0,0,0,0,0,0,0,0,0,0,0,0,0,0,0,0,0,0,0,0,0,0,0,0,0,0,0,0,0,0,0,0,0,0,0,0,0,0,0,0,0,0,0,0,0,0,0,0,0,0,0,0,0,0,0,0,0,0,0,0,0,0,0,0,0,0,0,0,0,0,0,0,0,0,0,0,0,27,235,345,130,274
"ins_buzz_pollination",0,0,0,0,0,0,0,0,0,0,0,0,0,0,0,0,0,0,0,0,0,0,0,0,0,0,0,0,0,0,0,0,0,0,0,0,48,0,0,0,0,0,0,0,0,0,0,0,0,0,0,0,0,0,0,0,0,0,0,0,0,0,0,0,0,0,0,0,0,0,0,0,0,0,0,0,0,0,0,0,0,0,0,0,0,0,0,0,0,0,0,0,0,0,0,0,0,0,0,0,0,0,0,0,0,0,0,0,0,0,0,0,0,0,0,0,0,0,0,0,0,0,0,0,0,0,0,0,0,0,0,0,0,0,0,0,0,0,0,0,0,0,0,0,0,0,0,0,0,0,0,0,0,0,0,0,0,0,0,0,0,0,0,0,0,0,0,0,0,0,0,0,0,0,0,0,0,0,0,0,0,0,0,0,0,0,0,0,0,0,0,0,0,0,0,0,0,0,0,0,0,0,0,0,0,0,0,0,0,0,0,0,0,0,0,0,0,0,0,0,0,0,0,0,0,0,0,0,0,0,0,0,0,0,0,0,0,0,0,0,0,0,0,0,0,0,0,0,0,0,0,0,0,0,0,0,0,0,0,0,0,0,0,0,0,0,0,0,0,0,0,0,0,0,0,0,0,0,0,0,0,0,0,0,0,0,0,0,0,0,0,0,0,0,0,0,0,0,0,0,0,0,0,0,0,0,0,0,0,0,0,0,0,0,0,0,0,0,0,172,136,0
"ins_buzz_rasp",0,0,0,0,0,0,0,0,0,0,0,0,0,0,0,0,0,0,0,0,0,0,0,0,0,0,0,1,0,0,0,0,0,0,0,0,0,0,0,0,0,0,0,0,0,0,0,0,0,0,0,0,0,0,0,0,0,0,0,0,0,0,0,0,0,0,0,0,0,0,0,0,0,0,0,0,0,0,0,0,0,0,0,0,0,0,0,0,0,0,0,0,0,0,0,0,0,0,0,0,0,0,0,0,0,0,0,0,0,0,0,0,0,0,0,0,0,0,0,0,0,0,0,0,0,0,0,0,0,0,0,0,0,0,0,0,0,0,0,0,0,0,0,0,0,0,0,0,0,0,0,0,0,0,0,0,0,0,0,0,0,0,0,0,0,0,0,0,0,0,0,0,0,0,0,0,0,0,0,0,0,0,0,0,0,0,0,0,0,0,0,0,0,0,0,0,0,0,0,0,0,0,0,0,0,0,0,0,0,0,0,0,0,0,0,0,0,0,0,0,0,0,0,0,0,0,0,0,0,0,0,0,0,0,0,0,0,0,0,0,0,0,0,0,0,0,0,0,0,0,0,0,0,0,0,0,0,0,0,0,0,0,0,0,0,0,0,0,0,0,0,0,0,0,0,0,0,0,0,0,0,0,0,0,0,0,0,0,0,0,0,0,0,0,0,0,0,0,0,0,0,0,0,0,0,0,0,0,0,0,0,0,0,0,0,0,0,0,0,0,0,0
"ins_trill",0,0,0,54,0,0,0,6,0,0,0,0,0,0,0,0,49,167,0,0,0,0,41,410,195,0,0,5126,624,0,335,27,1548,922,693,7,0,0,0,0,0,0,0,0,0,0,0,0,0,0,0,0,0,0,0,0,0,0,0,0,0,0,0,0,0,0,0,0,0,0,0,0,0,0,0,0,0,0,0,0,0,0,0,0,0,0,0,0,0,0,0,0,0,0,0,0,0,0,0,0,0,0,0,0,0,0,0,0,0,0,0,0,0,0,0,0,0,0,0,0,0,0,0,0,0,0,0,0,0,0,0,0,0,0,0,0,0,0,0,0,0,0,0,0,0,0,0,0,0,0,0,0,0,0,0,0,0,0,0,0,0,0,0,0,0,0,0,0,0,0,0,0,0,0,0,0,0,0,0,0,0,0,0,0,0,0,0,0,0,0,0,0,0,0,0,0,0,0,0,0,0,0,0,0,0,0,0,0,0,0,0,0,0,0,0,0,0,0,0,0,0,0,0,0,0,0,0,0,0,0,0,0,0,0,0,0,0,0,0,0,0,0,0,0,0,0,0,0,0,0,0,0,0,0,0,0,0,0,0,0,0,0,0,0,0,0,0,0,0,0,0,0,0,0,0,0,0,0,0,0,0,0,0,0,0,0,0,0,0,0,0,0,0,0,0,0,0,0,0,0,0,0,0,0,0,0,0,0,0,0,0,0,0,0,0,0,0,0,0,600,3600,926
"mech_ac",0,0,0,0,0,0,0,0,0,0,0,0,0,0,0,0,0,0,0,0,0,0,0,0,0,0,0,0,0,0,0,0,0,0,0,0,413,0,0,0,0,0,0,0,0,0,0,0,0,0,0,0,0,0,0,0,0,0,0,0,0,0,0,0,0,0,0,0,0,0,0,0,0,0,0,0,0,0,0,0,0,0,0,0,0,0,0,0,0,0,0,0,0,0,0,0,0,0,0,0,0,0,0,0,0,0,0,0,0,0,0,0,0,0,0,0,0,0,0,0,0,0,0,0,0,0,0,0,0,0,0,0,0,0,0,0,0,0,0,0,0,0,0,0,0,0,0,0,0,0,0,0,0,0,0,0,0,0,0,0,0,0,0,0,0,0,0,0,0,0,0,0,0,0,0,0,0,0,0,0,0,0,0,0,0,0,0,0,0,0,0,0,0,0,0,0,0,0,0,0,0,0,0,0,0,0,0,0,0,0,0,0,0,0,0,0,0,0,0,0,0,0,0,0,0,0,0,0,0,0,0,0,0,0,0,0,0,0,0,0,0,0,0,0,0,0,0,0,0,0,0,0,0,0,0,0,0,0,0,0,0,0,0,0,0,0,0,0,0,0,0,0,0,0,0,0,0,0,0,0,0,0,0,0,0,0,0,0,0,0,0,0,0,0,0,0,0,0,0,0,0,0,0,0,0,0,0,0,0,0,0,0,0,0,0,0,0,0,0,0,0,0
"mech_auto",0,0,0,0,0,0,0,0,0,0,0,0,0,0,0,0,0,0,0,0,0,0,0,0,0,0,0,23,0,0,0,0,0,0,0,0,0,0,0,0,0,0,0,0,0,0,0,0,0,0,0,0,0,0,0,0,0,0,0,0,0,0,0,0,0,0,0,0,0,0,0,0,0,0,0,0,0,0,0,0,0,0,0,0,0,0,0,0,0,0,0,0,0,0,0,0,0,0,0,0,0,0,0,0,0,0,0,0,0,0,0,0,0,0,0,0,0,0,0,0,0,0,0,0,0,0,0,0,0,0,0,0,0,0,0,0,0,0,0,0,0,0,0,0,0,0,0,0,0,0,0,0,0,0,0,0,0,0,0,0,0,0,0,0,0,0,0,0,0,0,0,0,0,0,0,0,0,0,0,0,0,0,0,0,0,0,0,0,0,0,0,0,0,0,0,0,0,0,0,0,0,0,0,0,0,0,0,0,0,0,0,0,0,0,0,0,0,0,0,0,0,0,0,0,0,0,0,0,0,0,0,0,0,0,0,0,0,0,0,0,0,0,0,0,0,0,0,0,0,0,0,0,0,0,0,0,0,0,0,0,0,0,0,0,0,0,0,0,0,0,0,0,0,0,0,0,0,0,0,0,0,0,0,0,0,0,0,0,0,0,0,0,0,0,0,0,0,0,0,0,0,0,0,0,0,0,0,0,0,0,0,0,0,0,0,0,0,0,0,0,0,0
"mech_auto_RECLASSIFY",0,0,0,0,0,0,0,0,0,0,0,0,0,0,0,0,0,35,0,0,0,0,0,0,0,0,0,0,0,0,0,0,0,0,0,0,0,0,0,0,0,0,0,0,0,0,0,0,0,0,0,0,0,0,0,0,0,0,0,0,0,0,0,0,0,0,0,0,0,0,0,0,0,0,0,0,0,0,0,0,0,0,0,0,0,0,0,0,0,0,0,0,0,0,0,0,0,0,0,0,0,0,0,0,0,0,0,0,0,0,0,0,0,0,0,0,0,0,0,0,0,0,0,0,0,0,0,0,0,0,0,0,0,0,0,0,0,0,0,0,0,0,0,0,0,0,0,0,0,0,0,0,0,0,0,0,0,0,0,0,0,0,0,0,0,0,0,0,0,0,0,0,0,0,0,0,0,0,0,0,0,0,0,0,0,0,0,0,0,0,0,0,0,0,0,0,0,0,0,0,0,0,0,0,0,0,0,0,0,0,0,0,0,0,0,0,0,0,0,0,0,0,0,0,0,0,0,0,0,0,0,0,0,0,0,0,0,0,0,0,0,0,0,0,0,0,0,0,0,0,0,0,0,0,0,0,0,0,0,0,0,0,0,0,0,0,0,0,0,0,0,0,0,0,0,0,0,0,0,0,0,0,0,0,0,0,0,0,0,0,0,0,0,0,0,0,0,0,0,0,0,0,0,0,0,0,0,0,0,0,0,0,0,0,0,0,0,0,0,0,0,0
"mech_auto_car",0,3,0,0,3,11,0,0,76,68,76,43,134,0,110,148,97,146,66,28,14,116,48,34,8,18,11,124,15,53,43,0,101,2,58,850,552,0,0,0,0,0,0,0,0,0,0,0,0,0,0,0,0,0,0,0,0,0,0,0,0,0,0,0,0,0,0,0,0,0,0,0,0,0,0,0,0,0,0,0,0,0,0,0,0,0,0,0,0,0,0,0,0,0,0,0,0,0,0,0,0,0,0,0,0,0,0,0,0,0,0,0,0,0,0,0,0,0,0,0,0,0,0,0,0,0,0,0,0,0,0,0,0,0,0,0,0,0,0,0,0,0,0,0,0,0,0,0,0,0,0,0,0,0,0,0,0,0,0,0,0,0,0,0,0,0,0,0,0,0,0,0,0,0,0,0,0,0,0,0,0,0,0,0,0,0,0,0,0,0,0,0,0,0,0,0,0,0,0,0,0,0,0,0,0,0,0,0,0,0,0,0,0,0,0,0,0,0,0,0,0,0,0,0,0,0,0,0,0,0,0,0,0,0,0,0,0,0,0,0,0,0,0,0,0,0,0,0,0,0,0,0,0,0,0,0,0,0,0,0,0,0,0,0,0,0,0,0,0,0,0,0,0,0,0,0,0,0,0,0,0,0,0,0,0,0,0,0,0,0,0,0,0,0,0,0,0,0,0,0,0,0,0,0,0,0,0,0,0,0,0,0,0,0,0,0,0,0,14,0,302,126
"mech_auto_hum",0,0,0,0,0,0,0,0,0,0,0,0,0,0,0,0,0,0,0,0,0,0,0,0,5,0,0,0,0,0,0,0,0,0,0,0,0,0,0,0,0,0,0,0,0,0,0,0,0,0,0,0,0,0,0,0,0,0,0,0,0,0,0,0,0,0,0,0,0,0,0,0,0,0,0,0,0,0,0,0,0,0,0,0,0,0,0,0,0,0,0,0,0,0,0,0,0,0,0,0,0,0,0,0,0,0,0,0,0,0,0,0,0,0,0,0,0,0,0,0,0,0,0,0,0,0,0,0,0,0,0,0,0,0,0,0,0,0,0,0,0,0,0,0,0,0,0,0,0,0,0,0,0,0,0,0,0,0,0,0,0,0,0,0,0,0,0,0,0,0,0,0,0,0,0,0,0,0,0,0,0,0,0,0,0,0,0,0,0,0,0,0,0,0,0,0,0,0,0,0,0,0,0,0,0,0,0,0,0,0,0,0,0,0,0,0,0,0,0,0,0,0,0,0,0,0,0,0,0,0,0,0,0,0,0,0,0,0,0,0,0,0,0,0,0,0,0,0,0,0,0,0,0,0,0,0,0,0,0,0,0,0,0,0,0,0,0,0,0,0,0,0,0,0,0,0,0,0,0,0,0,0,0,0,0,0,0,0,0,0,0,0,0,0,0,0,0,0,0,0,0,0,0,0,0,0,0,0,0,0,0,0,0,0,0,0,0,0,0,0,0,0
"mech_auto_motorcycle",6,0,0,0,0,0,0,0,0,0,0,0,19,0,0,0,7,0,0,0,0,0,47,24,6,0,0,29,0,34,45,3,19,0,0,0,0,0,0,0,0,0,0,0,0,0,0,0,0,0,0,0,0,0,0,0,0,0,0,0,0,0,0,0,0,0,0,0,0,0,0,0,0,0,0,0,0,0,0,0,0,0,0,0,0,0,0,0,0,0,0,0,0,0,0,0,0,0,0,0,0,0,0,0,0,0,0,0,0,0,0,0,0,0,0,0,0,0,0,0,0,0,0,0,0,0,0,0,0,0,0,0,0,0,0,0,0,0,0,0,0,0,0,0,0,0,0,0,0,0,0,0,0,0,0,0,0,0,0,0,0,0,0,0,0,0,0,0,0,0,0,0,0,0,0,0,0,0,0,0,0,0,0,0,0,0,0,0,0,0,0,0,0,0,0,0,0,0,0,0,0,0,0,0,0,0,0,0,0,0,0,0,0,0,0,0,0,0,0,0,0,0,0,0,0,0,0,0,0,0,0,0,0,0,0,0,0,0,0,0,0,0,0,0,0,0,0,0,0,0,0,0,0,0,0,0,0,0,0,0,0,0,0,0,0,0,0,0,0,0,0,0,0,0,0,0,0,0,0,0,0,0,0,0,0,0,0,0,0,0,0,0,0,0,0,0,0,0,0,0,0,0,0,0,0,0,0,0,0,0,0,0,0,0,0,0,0,0,0,0,38,0
"mech_auto_truck",0,3,6,0,0,0,0,0,160,21,0,95,121,200,227,0,132,75,24,33,0,39,77,58,0,70,0,281,55,232,127,31,46,245,809,163,168,0,0,0,0,0,0,0,0,0,0,0,0,0,0,0,0,0,0,0,0,0,0,0,0,0,0,0,0,0,0,0,0,0,0,0,0,0,0,0,0,0,0,0,0,0,0,0,0,0,0,0,0,0,0,0,0,0,0,0,0,0,0,0,0,0,0,0,0,0,0,0,0,0,0,0,0,0,0,0,0,0,0,0,0,0,0,0,0,0,0,0,0,0,0,0,0,0,0,0,0,0,0,0,0,0,0,0,0,0,0,0,0,0,0,0,0,0,0,0,0,0,0,0,0,0,0,0,0,0,0,0,0,0,0,0,0,0,0,0,0,0,0,0,0,0,0,0,0,0,0,0,0,0,0,0,0,0,0,0,0,0,0,0,0,0,0,0,0,0,0,0,0,0,0,0,0,0,0,0,0,0,0,0,0,0,0,0,0,0,0,0,0,0,0,0,0,0,0,0,0,0,0,0,0,0,0,0,0,0,0,0,0,0,0,0,0,0,0,0,0,0,0,0,0,0,0,0,0,0,0,0,0,0,0,0,0,0,0,0,0,0,0,0,0,0,0,0,0,0,0,0,0,0,0,0,0,0,0,0,0,0,0,0,0,0,0,0,0,0,0,0,0,0,0,0,0,0,0,0,0,0,9,0,95,9
"mech_beep",0,0,0,0,0,0,0,0,0,0,0,0,0,0,0,0,0,0,0,0,0,0,0,0,0,0,0,5,0,0,0,0,0,0,0,0,0,0,0,0,0,0,0,0,0,0,0,0,0,0,0,0,0,0,0,0,0,0,0,0,0,0,0,0,0,0,0,0,0,0,0,0,0,0,0,0,0,0,0,0,0,0,0,0,0,0,0,0,0,0,0,0,0,0,0,0,0,0,0,0,0,0,0,0,0,0,0,0,0,0,0,0,0,0,0,0,0,0,0,0,0,0,0,0,0,0,0,0,0,0,0,0,0,0,0,0,0,0,0,0,0,0,0,0,0,0,0,0,0,0,0,0,0,0,0,0,0,0,0,0,0,0,0,0,0,0,0,0,0,0,0,0,0,0,0,0,0,0,0,0,0,0,0,0,0,0,0,0,0,0,0,0,0,0,0,0,0,0,0,0,0,0,0,0,0,0,0,0,0,0,0,0,0,0,0,0,0,0,0,0,0,0,0,0,0,0,0,0,0,0,0,0,0,0,0,0,0,0,0,0,0,0,0,0,0,0,0,0,0,0,0,0,0,0,0,0,0,0,0,0,0,0,0,0,0,0,0,0,0,0,0,0,0,0,0,0,0,0,0,0,0,0,0,0,0,0,0,0,0,0,0,0,0,0,0,0,0,0,0,0,0,0,0,0,0,0,0,0,0,0,0,0,0,0,0,0,0,56,0,0,0,189
"mech_chainsaw",0,0,0,0,0,0,0,0,0,151,4,0,0,0,0,0,0,0,0,0,0,0,0,0,0,0,0,0,0,0,0,0,0,0,0,0,0,0,0,0,0,0,0,0,0,0,0,0,0,0,0,0,0,0,0,0,0,0,0,0,0,0,0,0,0,0,0,0,0,0,0,0,0,0,0,0,0,0,0,0,0,0,0,0,0,0,0,0,0,0,0,0,0,0,0,0,0,0,0,0,0,0,0,0,0,0,0,0,0,0,0,0,0,0,0,0,0,0,0,0,0,0,0,0,0,0,0,0,0,0,0,0,0,0,0,0,0,0,0,0,0,0,0,0,0,0,0,0,0,0,0,0,0,0,0,0,0,0,0,0,0,0,0,0,0,0,0,0,0,0,0,0,0,0,0,0,0,0,0,0,0,0,0,0,0,0,0,0,0,0,0,0,0,0,0,0,0,0,0,0,0,0,0,0,0,0,0,0,0,0,0,0,0,0,0,0,0,0,0,0,0,0,0,0,0,0,0,0,0,0,0,0,0,0,0,0,0,0,0,0,0,0,0,0,0,0,0,0,0,0,0,0,0,0,0,0,0,0,0,0,0,0,0,0,0,0,0,0,0,0,0,0,0,0,0,0,0,0,0,0,0,0,0,0,0,0,0,0,0,0,0,0,0,0,0,0,0,0,0,0,0,0,0,0,0,0,0,0,0,0,0,0,0,0,0,0,0,0,0,0,0,0
"mech_combine",0,0,0,0,0,0,0,5,0,0,0,0,0,0,0,0,0,0,0,0,0,0,0,0,300,0,0,0,25,1201,38,131,0,0,0,0,0,0,0,0,0,0,0,0,0,0,0,0,0,0,0,0,0,0,0,0,0,0,0,0,0,0,0,0,0,0,0,0,0,0,0,0,0,0,0,0,0,0,0,0,0,0,0,0,0,0,0,0,0,0,0,0,0,0,0,0,0,0,0,0,0,0,0,0,0,0,0,0,0,0,0,0,0,0,0,0,0,0,0,0,0,0,0,0,0,0,0,0,0,0,0,0,0,0,0,0,0,0,0,0,0,0,0,0,0,0,0,0,0,0,0,0,0,0,0,0,0,0,0,0,0,0,0,0,0,0,0,0,0,0,0,0,0,0,0,0,0,0,0,0,0,0,0,0,0,0,0,0,0,0,0,0,0,0,0,0,0,0,0,0,0,0,0,0,0,0,0,0,0,0,0,0,0,0,0,0,0,0,0,0,0,0,0,0,0,0,0,0,0,0,0,0,0,0,0,0,0,0,0,0,0,0,0,0,0,0,0,0,0,0,0,0,0,0,0,0,0,0,0,0,0,0,0,0,0,0,0,0,0,0,0,0,0,0,0,0,0,0,0,0,0,0,0,0,0,0,0,0,0,0,0,0,0,0,0,0,0,0,0,0,0,0,0,0,0,0,0,0,0,0,0,0,0,0,0,0,0,0,0,0,0,0
"mech_drone",0,0,0,0,0,0,0,0,0,0,0,0,0,0,0,0,0,0,0,0,0,0,0,0,0,0,0,0,6,0,0,0,0,0,0,0,0,0,0,0,0,0,0,0,0,0,0,0,0,0,0,0,0,0,0,0,0,0,0,0,0,0,0,0,0,0,0,0,0,0,0,0,0,0,0,0,0,0,0,0,0,0,0,0,0,0,0,0,0,0,0,0,0,0,0,0,0,0,0,0,0,0,0,0,0,0,0,0,0,0,0,0,0,0,0,0,0,0,0,0,0,0,0,0,0,0,0,0,0,0,0,0,0,0,0,0,0,0,0,0,0,0,0,0,0,0,0,0,0,0,0,0,0,0,0,0,0,0,0,0,0,0,0,0,0,0,0,0,0,0,0,0,0,0,0,0,0,0,0,0,0,0,0,0,0,0,0,0,0,0,0,0,0,0,0,0,0,0,0,0,0,0,0,0,0,0,0,0,0,0,0,0,0,0,0,0,0,0,0,0,0,0,0,0,0,0,0,0,0,0,0,0,0,0,0,0,0,0,0,0,0,0,0,0,0,0,0,0,0,0,0,0,0,0,0,0,0,0,0,0,0,0,0,0,0,0,0,0,0,0,0,0,0,0,0,0,0,0,0,0,0,0,0,0,0,0,0,0,0,0,0,0,0,0,0,0,0,0,0,0,0,0,0,0,0,0,0,0,0,0,0,0,0,0,0,0,0,0,0,0,0,0
"mech_hum_RECLASSIFY",0,0,0,0,0,0,0,0,0,0,0,0,0,0,0,0,0,0,0,0,0,0,0,47,0,0,300,0,0,0,0,0,0,0,0,0,0,0,0,0,0,0,0,0,0,0,0,0,0,0,0,0,0,0,0,0,0,0,0,0,0,0,0,0,0,0,0,0,0,0,0,0,0,0,0,0,0,0,0,0,0,0,0,0,0,0,0,0,0,0,0,0,0,0,0,0,0,0,0,0,0,0,0,0,0,0,0,0,0,0,0,0,0,0,0,0,0,0,0,0,0,0,0,0,0,0,0,0,0,0,0,0,0,0,0,0,0,0,0,0,0,0,0,0,0,0,0,0,0,0,0,0,0,0,0,0,0,0,0,0,0,0,0,0,0,0,0,0,0,0,0,0,0,0,0,0,0,0,0,0,0,0,0,0,0,0,0,0,0,0,0,0,0,0,0,0,0,0,0,0,0,0,0,0,0,0,0,0,0,0,0,0,0,0,0,0,0,0,0,0,0,0,0,0,0,0,0,0,0,0,0,0,0,0,0,0,0,0,0,0,0,0,0,0,0,0,0,0,0,0,0,0,0,0,0,0,0,0,0,0,0,0,0,0,0,0,0,0,0,0,0,0,0,0,0,0,0,0,0,0,0,0,0,0,0,0,0,0,0,0,0,0,0,0,0,0,0,0,0,0,0,0,0,0,0,0,0,0,0,0,0,0,0,0,0,0,0,0,0,0,0,0
"mech_hum_chainsaw",0,0,0,0,0,0,0,0,0,0,0,0,0,0,0,0,0,0,0,0,0,0,0,0,0,0,0,0,0,0,0,0,0,0,0,0,4,0,0,0,0,0,0,0,0,0,0,0,0,0,0,0,0,0,0,0,0,0,0,0,0,0,0,0,0,0,0,0,0,0,0,0,0,0,0,0,0,0,0,0,0,0,0,0,0,0,0,0,0,0,0,0,0,0,0,0,0,0,0,0,0,0,0,0,0,0,0,0,0,0,0,0,0,0,0,0,0,0,0,0,0,0,0,0,0,0,0,0,0,0,0,0,0,0,0,0,0,0,0,0,0,0,0,0,0,0,0,0,0,0,0,0,0,0,0,0,0,0,0,0,0,0,0,0,0,0,0,0,0,0,0,0,0,0,0,0,0,0,0,0,0,0,0,0,0,0,0,0,0,0,0,0,0,0,0,0,0,0,0,0,0,0,0,0,0,0,0,0,0,0,0,0,0,0,0,0,0,0,0,0,0,0,0,0,0,0,0,0,0,0,0,0,0,0,0,0,0,0,0,0,0,0,0,0,0,0,0,0,0,0,0,0,0,0,0,0,0,0,0,0,0,0,0,0,0,0,0,0,0,0,0,0,0,0,0,0,0,0,0,0,0,0,0,0,0,0,0,0,0,0,0,0,0,0,0,0,0,0,0,0,0,0,0,0,0,0,0,0,0,0,0,0,0,0,0,0,0,0,0,0,0,0
"mech_hum_traffic",3,0,0,0,0,0,3,0,0,5,0,0,0,2,33,0,0,0,0,0,0,0,0,112,51,84,25,230,29,10,10,0,0,0,0,0,19,0,0,0,0,0,0,0,0,0,0,0,0,0,0,0,0,0,0,0,0,0,0,0,0,0,0,0,0,0,0,0,0,0,0,0,0,0,0,0,0,0,0,0,0,0,0,0,0,0,0,0,0,0,0,0,0,0,0,0,0,0,0,0,0,0,0,0,0,0,0,0,0,0,0,0,0,0,0,0,0,0,0,0,0,0,0,0,0,0,0,0,0,0,0,0,0,0,0,0,0,0,0,0,0,0,0,0,0,0,0,0,0,0,0,0,0,0,0,0,0,0,0,0,0,0,0,0,0,0,0,0,0,0,0,0,0,0,0,0,0,0,0,0,0,0,0,0,0,0,0,0,0,0,0,0,0,0,0,0,0,0,0,0,0,0,0,0,0,0,0,0,0,0,0,0,0,0,0,0,0,0,0,0,0,0,0,0,0,0,0,0,0,0,0,0,0,0,0,0,0,0,0,0,0,0,0,0,0,0,0,0,0,0,0,0,0,0,0,0,0,0,0,0,0,0,0,0,0,0,0,0,0,0,0,0,0,0,0,0,0,0,0,0,0,0,0,0,0,0,0,0,0,0,0,0,0,0,0,0,0,0,0,0,0,0,0,0,0,0,0,0,0,0,0,0,0,0,0,0,0,0,0,0,1447,25
"mech_lawnmower",0,0,0,0,0,0,0,0,0,0,107,0,0,0,0,0,0,0,0,300,0,0,0,0,0,0,0,0,0,0,0,0,0,0,0,0,750,0,0,0,0,0,0,0,0,0,0,0,0,0,0,0,0,0,0,0,0,0,0,0,0,0,0,0,0,0,0,0,0,0,0,0,0,0,0,0,0,0,0,0,0,0,0,0,0,0,0,0,0,0,0,0,0,0,0,0,0,0,0,0,0,0,0,0,0,0,0,0,0,0,0,0,0,0,0,0,0,0,0,0,0,0,0,0,0,0,0,0,0,0,0,0,0,0,0,0,0,0,0,0,0,0,0,0,0,0,0,0,0,0,0,0,0,0,0,0,0,0,0,0,0,0,0,0,0,0,0,0,0,0,0,0,0,0,0,0,0,0,0,0,0,0,0,0,0,0,0,0,0,0,0,0,0,0,0,0,0,0,0,0,0,0,0,0,0,0,0,0,0,0,0,0,0,0,0,0,0,0,0,0,0,0,0,0,0,0,0,0,0,0,0,0,0,0,0,0,0,0,0,0,0,0,0,0,0,0,0,0,0,0,0,0,0,0,0,0,0,0,0,0,0,0,0,0,0,0,0,0,0,0,0,0,0,0,0,0,0,0,0,0,0,0,0,0,0,0,0,0,0,0,0,0,0,0,0,0,0,0,0,0,0,0,0,0,0,0,0,0,0,0,0,0,0,0,0,0,0,0,0,0,0,0
"mech_plane_helicopter",0,0,0,0,0,0,0,0,0,0,0,0,0,0,0,0,0,0,0,0,0,0,0,0,0,0,0,0,0,0,72,0,0,0,0,0,0,0,0,0,0,0,0,0,0,0,0,0,0,0,0,0,0,0,0,0,0,0,0,0,0,0,0,0,0,0,0,0,0,0,0,0,0,0,0,0,0,0,0,0,0,0,0,0,0,0,0,0,0,0,0,0,0,0,0,0,0,0,0,0,0,0,0,0,0,0,0,0,0,0,0,0,0,0,0,0,0,0,0,0,0,0,0,0,0,0,0,0,0,0,0,0,0,0,0,0,0,0,0,0,0,0,0,0,0,0,0,0,0,0,0,0,0,0,0,0,0,0,0,0,0,0,0,0,0,0,0,0,0,0,0,0,0,0,0,0,0,0,0,0,0,0,0,0,0,0,0,0,0,0,0,0,0,0,0,0,0,0,0,0,0,0,0,0,0,0,0,0,0,0,0,0,0,0,0,0,0,0,0,0,0,0,0,0,0,0,0,0,0,0,0,0,0,0,0,0,0,0,0,0,0,0,0,0,0,0,0,0,0,0,0,0,0,0,0,0,0,0,0,0,0,0,0,0,0,0,0,0,0,0,0,0,0,0,0,0,0,0,0,0,0,0,0,0,0,0,0,0,0,0,0,0,0,0,0,0,0,0,0,0,0,0,0,0,0,0,0,0,0,0,0,0,0,0,0,0,0,0,65,0,0,0
"mech_plane_jet",3,9,16,3,0,0,0,3,0,0,0,0,0,0,28,0,0,0,0,0,0,0,30,226,16,162,45,418,96,91,375,3,643,9,0,302,785,0,0,0,0,0,0,0,0,0,0,0,0,0,0,0,0,0,0,0,0,0,0,0,0,0,0,0,0,0,0,0,0,0,0,0,0,0,0,0,0,0,0,0,0,0,0,0,0,0,0,0,0,0,0,0,0,0,0,0,0,0,0,0,0,0,0,0,0,0,0,0,0,0,0,0,0,0,0,0,0,0,0,0,0,0,0,0,0,0,0,0,0,0,0,0,0,0,0,0,0,0,0,0,0,0,0,0,0,0,0,0,0,0,0,0,0,0,0,0,0,0,0,0,0,0,0,0,0,0,0,0,0,0,0,0,0,0,0,0,0,0,0,0,0,0,0,0,0,0,0,0,0,0,0,0,0,0,0,0,0,0,0,0,0,0,0,0,0,0,0,0,0,0,0,0,0,0,0,0,0,0,0,0,0,0,0,0,0,0,0,0,0,0,0,0,0,0,0,0,0,0,0,0,0,0,0,0,0,0,0,0,0,0,0,0,0,0,0,0,0,0,0,0,0,0,0,0,0,0,0,0,0,0,0,0,0,0,0,0,0,0,0,0,0,0,0,0,0,0,0,0,0,0,0,0,0,0,0,0,0,0,0,0,0,0,0,0,0,0,0,0,0,0,0,0,0,0,0,0,0,26,667,84,418,164
"mech_plane_prop",233,3,0,187,12,225,186,3,0,0,0,18,0,0,0,0,155,0,0,0,0,0,0,216,72,425,212,535,403,405,498,15,215,49,184,58,474,0,0,0,0,0,0,0,0,0,0,0,0,0,0,0,0,0,0,0,0,0,0,0,0,0,0,0,0,0,0,0,0,0,0,0,0,0,0,0,0,0,0,0,0,0,0,0,0,0,0,0,0,0,0,0,0,0,0,0,0,0,0,0,0,0,0,0,0,0,0,0,0,0,0,0,0,0,0,0,0,0,0,0,0,0,0,0,0,0,0,0,0,0,0,0,0,0,0,0,0,0,0,0,0,0,0,0,0,0,0,0,0,0,0,0,0,0,0,0,0,0,0,0,0,0,0,0,0,0,0,0,0,0,0,0,0,0,0,0,0,0,0,0,0,0,0,0,0,0,0,0,0,0,0,0,0,0,0,0,0,0,0,0,0,0,0,0,0,0,0,0,0,0,0,0,0,0,0,0,0,0,0,0,0,0,0,0,0,0,0,0,0,0,0,0,0,0,0,0,0,0,0,0,0,0,0,0,0,0,0,0,0,0,0,0,0,0,0,0,0,0,0,0,0,0,0,0,0,0,0,0,0,0,0,0,0,0,0,0,0,0,0,0,0,0,0,0,0,0,0,0,0,0,0,0,0,0,0,0,0,0,0,0,0,0,0,0,0,0,0,0,0,0,0,0,0,0,0,0,0,0,97,49,0,85
"mech_siren",0,0,0,0,0,0,0,0,0,0,0,0,0,0,0,0,0,0,0,0,0,0,0,0,0,0,0,0,0,173,0,0,0,0,0,2,0,0,0,0,0,0,0,0,0,0,0,0,0,0,0,0,0,0,0,0,0,0,0,0,0,0,0,0,0,0,0,0,0,0,0,0,0,0,0,0,0,0,0,0,0,0,0,0,0,0,0,0,0,0,0,0,0,0,0,0,0,0,0,0,0,0,0,0,0,0,0,0,0,0,0,0,0,0,0,0,0,0,0,0,0,0,0,0,0,0,0,0,0,0,0,0,0,0,0,0,0,0,0,0,0,0,0,0,0,0,0,0,0,0,0,0,0,0,0,0,0,0,0,0,0,0,0,0,0,0,0,0,0,0,0,0,0,0,0,0,0,0,0,0,0,0,0,0,0,0,0,0,0,0,0,0,0,0,0,0,0,0,0,0,0,0,0,0,0,0,0,0,0,0,0,0,0,0,0,0,0,0,0,0,0,0,0,0,0,0,0,0,0,0,0,0,0,0,0,0,0,0,0,0,0,0,0,0,0,0,0,0,0,0,0,0,0,0,0,0,0,0,0,0,0,0,0,0,0,0,0,0,0,0,0,0,0,0,0,0,0,0,0,0,0,0,0,0,0,0,0,0,0,0,0,0,0,0,0,0,0,0,0,0,0,0,0,0,0,0,0,0,0,0,0,0,0,0,0,0,0,0,0,0,0,0
"mech_train",4,18,15,15,8,13,11,10,0,0,0,0,0,0,0,0,0,0,0,0,0,0,0,0,2,0,0,0,0,0,0,0,0,18,0,28,0,0,0,0,0,0,0,0,0,0,0,0,0,0,0,0,0,0,0,0,0,0,0,0,0,0,0,0,0,0,0,0,0,0,0,0,0,0,0,0,0,0,0,0,0,0,0,0,0,0,0,0,0,0,0,0,0,0,0,0,0,0,0,0,0,0,0,0,0,0,0,0,0,0,0,0,0,0,0,0,0,0,0,0,0,0,0,0,0,0,0,0,0,0,0,0,0,0,0,0,0,0,0,0,0,0,0,0,0,0,0,0,0,0,0,0,0,0,0,0,0,0,0,0,0,0,0,0,0,0,0,0,0,0,0,0,0,0,0,0,0,0,0,0,0,0,0,0,0,0,0,0,0,0,0,0,0,0,0,0,0,0,0,0,0,0,0,0,0,0,0,0,0,0,0,0,0,0,0,0,0,0,0,0,0,0,0,0,0,0,0,0,0,0,0,0,0,0,0,0,0,0,0,0,0,0,0,0,0,0,0,0,0,0,0,0,0,0,0,0,0,0,0,0,0,0,0,0,0,0,0,0,0,0,0,0,0,0,0,0,0,0,0,0,0,0,0,0,0,0,0,0,0,0,0,0,0,0,0,0,0,0,0,0,0,0,0,0,0,0,0,0,0,0,0,0,0,0,0,0,0,0,0,0,0,0
"mech_weedwhacker",0,0,0,0,0,0,0,0,0,0,0,0,0,0,0,0,0,0,0,0,0,0,0,0,0,0,0,0,0,0,0,0,0,0,0,0,6,0,0,0,0,0,0,0,0,0,0,0,0,0,0,0,0,0,0,0,0,0,0,0,0,0,0,0,0,0,0,0,0,0,0,0,0,0,0,0,0,0,0,0,0,0,0,0,0,0,0,0,0,0,0,0,0,0,0,0,0,0,0,0,0,0,0,0,0,0,0,0,0,0,0,0,0,0,0,0,0,0,0,0,0,0,0,0,0,0,0,0,0,0,0,0,0,0,0,0,0,0,0,0,0,0,0,0,0,0,0,0,0,0,0,0,0,0,0,0,0,0,0,0,0,0,0,0,0,0,0,0,0,0,0,0,0,0,0,0,0,0,0,0,0,0,0,0,0,0,0,0,0,0,0,0,0,0,0,0,0,0,0,0,0,0,0,0,0,0,0,0,0,0,0,0,0,0,0,0,0,0,0,0,0,0,0,0,0,0,0,0,0,0,0,0,0,0,0,0,0,0,0,0,0,0,0,0,0,0,0,0,0,0,0,0,0,0,0,0,0,0,0,0,0,0,0,0,0,0,0,0,0,0,0,0,0,0,0,0,0,0,0,0,0,0,0,0,0,0,0,0,0,0,0,0,0,0,0,0,0,0,0,0,0,0,0,0,0,0,0,0,0,0,0,0,0,0,0,0,0,0,0,0,0,0
"static",0,0,0,0,0,0,0,0,0,0,0,0,0,0,0,0,0,0,0,0,0,0,0,0,0,296,0,0,0,0,0,0,0,0,0,0,0,0,0,0,0,3,0,0,0,0,0,0,3,0,0,0,0,0,0,0,0,0,0,0,0,0,0,0,0,0,0,0,0,0,0,0,0,0,0,0,0,0,0,0,0,0,0,0,0,0,0,0,0,0,0,0,0,0,0,0,0,0,0,0,0,0,0,0,0,0,0,0,0,0,0,0,0,0,0,0,0,0,0,0,0,0,0,0,0,0,0,0,0,0,0,0,0,0,0,0,0,0,0,0,0,0,0,0,0,0,0,0,0,0,0,0,0,0,0,0,0,0,0,0,0,0,0,0,0,0,0,0,0,0,0,0,0,0,0,0,0,0,0,0,0,0,0,0,0,0,0,0,0,0,0,0,0,0,0,0,0,0,0,0,0,0,0,0,0,0,0,0,0,0,0,0,0,0,0,0,0,0,0,0,0,0,0,0,0,0,0,0,0,0,0,0,0,0,0,0,0,0,0,0,0,0,0,0,0,0,0,0,0,0,0,0,0,0,0,0,0,0,0,0,0,0,0,0,0,0,0,0,0,0,0,0,0,0,0,0,0,0,0,0,0,0,0,0,0,0,0,0,0,0,0,0,0,0,0,0,0,0,0,0,0,0,0,0,0,0,0,0,0,0,3,0,0,0,0,0,3,0,0,0,300,0
"unknown",0,0,0,0,0,0,0,0,0,0,0,0,0,0,0,0,0,0,0,0,0,0,0,0,0,0,0,0,0,0,0,0,0,0,0,0,11,0,0,0,0,0,0,0,0,0,0,0,0,0,0,0,0,0,0,0,0,0,0,0,0,0,0,0,0,0,0,0,0,0,0,0,0,0,0,0,0,0,0,0,0,0,0,0,0,0,0,0,0,0,0,0,0,0,0,0,0,0,0,0,0,0,0,0,0,0,0,0,0,0,0,0,0,0,0,0,0,0,0,0,0,0,0,0,0,0,0,0,0,0,0,0,0,0,0,0,0,0,0,0,0,0,0,0,0,0,0,0,0,0,0,0,0,0,0,0,0,0,0,0,0,0,0,0,0,0,0,0,0,0,0,0,0,0,0,0,0,0,0,0,0,0,0,0,0,0,0,0,0,0,0,0,0,0,0,0,0,0,0,0,0,0,0,0,0,0,0,0,0,0,0,0,0,0,0,0,0,0,0,0,0,0,0,0,0,0,0,0,0,0,0,0,0,0,0,0,0,0,0,0,0,0,0,0,0,0,0,0,0,0,0,0,0,0,0,0,0,0,0,0,0,0,0,0,0,0,0,0,0,0,0,0,0,0,0,0,0,0,0,0,0,0,0,0,0,0,0,0,0,0,0,0,0,0,0,0,0,0,0,0,0,0,0,0,0,0,0,0,0,0,0,0,0,0,0,0,0,0,0,0,2,0
